Item;Classificação;Produto/Serviço;UN;Preço unitário;Qtde;Vlr. da compra;Valor da compra acumulado;% sobre valor total acumulado;% sobre valor total;
1;A;Novilha;cab;9596,41;87;834888;834888;49,02;49,02;
2;A;Serviços de construção;un;33050,42;4;132201,69;967089,69;56,79;7,76;
3;A;RACAO TECK MILK 24% S/U F 30KG;un;58,28;1633;95175,53;1062265,22;62,37;5,59;
4;A;Salário;un;2566,13;37;94946,78;1157212;67,95;5,58;
5;A;Terraplanagem;un;42000;1;42000;1199212;70,42;2,47;
6;A;RACAO MILK PROTEICO F 30KG;un;71,27;436;31073,6;1230285,6;72,24;1,82;
7;A;Diesel S-500;l;6,54;4356,64;28498,16;1258783,76;73,91;1,67;
8;A;Frete;un;18,37;1528;28066,46;1286850,22;75,56;1,65;
9;A;Diárias;un;270,4;88;23795,16;1310645,38;76,96;1,4;
10;A;DCTF;un;1714,09;13;22283,16;1332928,54;78,27;1,31;
11;A;Serviços Contábeis;un;1613,08;13;20970;1353898,54;79,5;1,23;
12;A;Peças de trator;un;20731;1;20731;1374629,54;80,72;1,22;
13;A;Manutenção em tratores;un;2003,15;9;18028,32;1392657,86;81,77;1,06;
14;A;Serviços com tratores;un;1683,87;8;13470,97;1406128,83;82,57;0,79;
15;A;Marmitas;un;542,54;20;10850,73;1416979,56;83,2;0,64;
16;A;FERTILIZANTE 00-23-00 COMIGO BG;ton;2669,03;4;10676,12;1427655,68;83,83;0,63;
17;A;FERTILIZANTE 30-00-20 COMIGO BG;ton;3476,4;3;10429,2;1438084,88;84,44;0,61;
18;A;Comissões;un;442,61;23;10180;1448264,88;85,04;0,6;
19;A;Exames;un;5005,6;2;10011,2;1458276,08;85,63;0,59;
20;A;Viagens;un;241,02;41;9881,97;1468158,05;86,21;0,58;
21;A;RAÇÃO BOV. PRE-PARTO F. 30KG;un;89,64;110;9860,5;1478018,55;86,79;0,58;
22;A;Cocho;un;250;36;9000;1487018,55;87,32;0,53;
23;A;Manutenção na ordenha;un;1123,08;8;8984,6;1496003,15;87,84;0,53;
24;A;Diesel S-10;l;10,55;795,63;8397,28;1504400,43;88,34;0,49;
25;A;SILO PLASTICO BPF 14X50;un;41,38;200;8276;1512676,43;88,82;0,49;
26;A;Empreitada;un;8000;1;8000;1520676,43;89,29;0,47;
27;A;Energia;kwh;865,85;7;6060,96;1526737,39;89,65;0,36;
28;A;SEBRAE - Reprodução Animal;un;5500;1;5500;1532237,39;89,97;0,32;
29;A;Licença Ambiental;un;5500;1;5500;1537737,39;90,29;0,32;
30;A;Seguro - Caminhonete;un;5220,42;1;5220,42;1542957,81;90,6;0,31;
31;A;Lactotropin 500mg;un;24,48;213;5214;1548171,81;90,91;0,31;
32;A;Gasolina;l;7,63;663,93;5064,27;1553236,08;91,2;0,3;
33;A;FGTS;un;384,69;13;5000,92;1558237;91,5;0,29;
34;A;Aplicação de Calcário;un;5000;1;5000;1563237;91,79;0,29;
35;A;Calcário Calcítico;ton;137;35;4795;1568032;92,07;0,28;
36;A;RAÇÃO BOV CORTE BEEF 21 AE F. 30KG;un;52,63;77;4052,82;1572084,82;92,31;0,24;
37;A;SUPLEMENTO MINERAL COMIGO RECRIA AGUAS / F5 30KG;un;98,14;40;3925,64;1576010,46;92,54;0,23;
38;A;RACAO BOV BEITE BEZ 1 P 30KG;un;69,06;55;3798,52;1579808,98;92,76;0,22;
39;A;SUPL MIN COMIGO COOPER REPROD 80;un;121,7;30;3651,02;1583460;92,98;0,21;
40;A;Manutenção em equipamentos e ferramentas;un;1206,33;3;3619;1587079;93,19;0,21;
41;A;Cocho - 2,10m;un;175;20;3500;1590579;93,4;0,21;
42;A;ARAME LISO BELVAL Z-700 1000M;un;577,42;6;3464,53;1594043,53;93,6;0,2;
43;A;Serviços de internet/câmeras;un;1650;2;3300;1597343,53;93,79;0,19;
44;A;Materiais Elétricos;un;3298,31;1;3298,31;1600641,84;93,99;0,19;
45;A;Etanol;l;4,46;675,73;3011,19;1603653,03;94,16;0,18;
46;A;Colostro Bovino Em Po 4.7 kg Brazil - BALDE;un;2965;1;2965;1606618,03;94,34;0,17;
47;A;Tributos;un;83,36;31;2584,31;1609202,34;94,49;0,15;
48;A;BOMBONA USADA 200LT PARTIDA (cocho de tambor);un;105,77;23;2432,71;1611635,05;94,63;0,14;
49;A;Software - IDEAGRI;un;330,3;7;2312,1;1613947,15;94,77;0,14;
50;A;TETEIRA HARMONY 22MM LS - P6/ C;un;383,48;6;2300,88;1616248,03;94,9;0,14;
51;A;BEBEDOURO SAMURAI PEC MIX 1500LT S/BOIA;un;2229;1;2229;1618477,03;95,03;0,13;
52;A;RACAO BOV. LEITE BEZ 2 F 30KG;un;64,27;32;2056,61;1620533,64;95,16;0,12;
53;A;TELA GALINHEIRO 1,50X50;un;5,12;400;2048;1622581,64;95,28;0,12;
54;A;RACAO TITUS ADULTO 15 KG;kg;95,73;20;1914,56;1624496,2;95,39;0,11;
55;A;Casqueamento;un;1793;1;1793;1626289,2;95,49;0,11;
56;A;HALOCUR 490 ML;un;854;2;1708;1627997,2;95,59;0,1;
57;A;CORAL RENDE MUITO LOC PM 16L;un;400;4;1600;1629597,2;95,69;0,09;
58;A;RESFUR 100ML;un;395;4;1580;1631177,2;95,78;0,09;
59;A;Materiais Hidráulicos;un;309,6;5;1548;1632725,2;95,87;0,09;
60;A;ELETRIFIC.SOLAR C/BAT.SM 70-B MONITOR;un;1539;1;1539;1634264,2;95,96;0,09;
61;A;Fabricação de Portas de Aço;un;1400;1;1400;1635664,2;96,04;0,08;
62;A;ICMS - DIFAL;un;43,64;32;1396,5;1637060,7;96,13;0,08;
63;A;Internet - Starlink;un;190;7;1330;1638390,7;96,2;0,08;
64;A;HAGEN;un;125;10;1250;1639640,7;96,28;0,07;
65;A;Bio Masty Espuma BB 20L (pré-dipping);un;415;3;1245;1640885,7;96,35;0,07;
66;A;SEMENTE MOMBAÇA SOESP 10KG VC 80%;kg;201,85;6;1211,1;1642096,8;96,42;0,07;
67;B;Visita - Reprodutivo - ALPHA/ABS;un;400;3;1200;1643296,8;96,49;0,07;
68;B;Gás de cozinha;l;133,33;9;1200;1644496,8;96,56;0,07;
69;B;TUBO DE LEITE DE BORRACHA 14,5mm P9/A;un;122;9;1098;1645594,8;96,63;0,06;
70;B;ALCALAN TOP (AGRO) - BB X 20L;un;265;4;1060;1646654,8;96,69;0,06;
71;B;EUCALIPTO TE 16 A 18X3,20M CBI (mourão);un;174,58;6;1047,48;1647702,28;96,75;0,06;
72;B;TUBO PVC 75 mm P/ LINHA DE VÁCUO 6 METROS;un;976;1;976;1648678,28;96,81;0,06;
73;B;TELA SOMBREAM 80% 4,20X50M;un;19,51;50;975,5;1649653,78;96,87;0,06;
74;B;TETEIRA ULTRALINER AL2U 1 ANEL;un;240;4;960;1650613,78;96,92;0,06;
75;B;CORAL BRILHO E PROTECAO LOC PM 16L;un;475;2;950;1651563,78;96,98;0,06;
76;B;Ferramentas;un;122,44;7;857,08;1652420,86;97,03;0,05;
77;B;BATERIA ECON TFS60D/E60DD-18 CCA425;un;427;2;854;1653274,86;97,08;0,05;
78;B;MANGUEIRA PVC TRANSFERÊNCIA DE LEITE 25X 35MM - P8;un;84,93;10;849,3;1654124,16;97,13;0,05;
79;B;PAPEL TOALHA 1000 X 1;un;16,34;50;816,8;1654940,96;97,18;0,05;
80;B;Assessoria Pecuária;un;811,78;1;811,78;1655752,74;97,22;0,05;
81;B;DOBRADICA QUADRADA N-03;un;88;9;792;1656544,74;97,27;0,05;
82;B;BIODIP MASTY - BB X 20L;un;390;2;780;1657324,74;97,32;0,05;
83;B;Mangueira Leite PVC - 14x25mm - P8/A e B;un;62,87;12;754,44;1658079,18;97,36;0,04;
84;B;Ganho de Capital;un;752,97;1;752,97;1658832,15;97,4;0,04;
85;B;BOMBA LAVADORA;un;750;1;750;1659582,15;97,45;0,04;
86;B;IOF;un;733,08;1;733,08;1660315,23;97,49;0,04;
87;B;MANGUEIRA LEITE PVC 16x27MM - P8/ A;un;69,3;10,2;706,86;1661022,09;97,53;0,04;
88;B;TUBO INOX 50 MM (BARRA DE 6M);un;700;1;700;1661722,09;97,57;0,04;
89;B;PNEU 175/70R13 KELLY EDGE TOURING 82T SL;un;349;2;698;1662420,09;97,61;0,04;
90;B;BOVICOR CREME 45 GR;un;115;6;690;1663110,09;97,66;0,04;
91;B;BOIA VALVULA ESFERICA 3/4";un;76,44;9;688;1663798,09;97,7;0,04;
92;B;Mastijet Forte (Seringa 8 g);un;24,5;28;686;1664484,09;97,74;0,04;
93;B;Bio Masty 5.000 BB 20L (pós-dipping);un;340;2;680;1665164,09;97,78;0,04;
94;B;GUINESS;un;34;20;680;1665844,09;97,82;0,04;
95;B;Transporte de Máquinas;un;650;1;650;1666494,09;97,85;0,04;
96;B;Manta Bidim 100m Reforço Impermeabilizante (Telhad;un;211,04;3;633,12;1667127,21;97,89;0,04;
97;B;ÁCIDO CLEAN (AGRO) - BB X 20L;un;310;2;620;1667747,21;97,93;0,04;
98;B;BOBES ZINCADO C/PINO;un;4,73;130;615;1668362,21;97,96;0,04;
99;B;Curva PVC 70mm 90 - P6/ Acima;un;122;5;610;1668972,21;98;0,04;
100;B;ZUPREVO 50ML;un;603;1;603;1669575,21;98,03;0,04;
101;B;BOMBA ALIMENTADORA ORIG.VMT 836666344;un;602;1;602;1670177,21;98,07;0,04;
102;B;Nitrogênio;l;200;3;600;1670777,21;98,11;0,04;
103;B;BORGAL FR. 50ML;un;68,53;8;548,2;1671325,41;98,14;0,03;
104;B;RACAO BOV CORTE BEEF 18 AE F 30KG;un;49,41;11;543,46;1671868,87;98,17;0,03;
105;B;MANGA EIXO ESQUERDO MF 3146771M91;un;523,62;1;523,62;1672392,49;98,2;0,03;
106;B;ALTA SCRATCH E PCT/50 VERMELHO;un;520;1;520;1672912,49;98,23;0,03;
107;B;MANGUEIRA DUPLA VÁCUO PVC 7,5x13,7 - P8/ C;un;49;10,2;499,8;1673412,29;98,26;0,03;
108;B;Contribuição Sindical Rural;un;486,25;1;486,25;1673898,54;98,29;0,03;
109;B;RACAO CROSBY ADULTO PREMIUM 10,1 KG;un;59,65;8;477,2;1674375,74;98,32;0,03;
110;B;Roundup Original (Embalagem 20 l);un;23,52;20;470,4;1674846,14;98,34;0,03;
111;B;BOMBA ALIMENTADORA PK 72088;un;148,67;3;446;1675292,14;98,37;0,03;
112;B;COORS;un;22;20;440;1675732,14;98,4;0,03;
113;B;STAR MASTY - BB X 20L;un;220;2;440;1676172,14;98,42;0,03;
114;B; LQ 200 - BB X 20L (detergente);un;220;2;440;1676612,14;98,45;0,03;
115;B;CEF 50MG/ML SUS. INJ. 100 ML;un;54,5;8;436;1677048,14;98,47;0,03;
116;B;SONDA ESOFAGICA 4LTS MAMADEIRAP/ ALIMENTACAO FORCA;un;420;1;420;1677468,14;98,5;0,02;
117;B;BIO MASTY ESPUMA 5L;un;103,75;4;415;1677883,14;98,52;0,02;
118;B;SABRE 50CM ORIG.ST 038 30030019221;un;412,37;1;412,37;1678295,51;98,55;0,02;
119;B;ACTYL POUR ON 5L;un;408,6;1;408,6;1678704,11;98,57;0,02;
120;B;Pedágios;un;407,6;1;407,6;1679111,71;98,59;0,02;
121;B;LEINERT VIVACOR BRANCO NEVE 18L;un;200;2;400;1679511,71;98,62;0,02;
122;B;Seguro de Frete;un;400;1;400;1679911,71;98,64;0,02;
123;B;DAIRY DUNK 1KG;un;80;5;400;1680311,71;98,67;0,02;
124;B;OLEO CASTROL ST 2T 500ML 8017H;un;9,43;41,93;395,3;1680707,01;98,69;0,02;
125;B;Quilômetro rodado | deslocamento;un;2,9;136;394,4;1681101,41;98,71;0,02;
126;B;GENTOPEN 20 MILHOES 30 ml;un;56;7;392;1681493,41;98,73;0,02;
127;B;CIDR - Progesterona - 10 unidades;un;359,8;1;359,8;1681853,21;98,76;0,02;
128;B;DIAFRAGMA DA VÁLVULA CORTE ACRÍLICA (UN.) - P4/ A6;un;59;6;354;1682207,21;98,78;0,02;
129;B;DETERGENTE ACIDO A-500 PREMIUM 20L BD;un;351,47;1;351,47;1682558,68;98,8;0,02;
130;B;SABRE 40CM ORIG. ST 30030019213;un;347,93;1;347,93;1682906,61;98,82;0,02;
131;B;EUCALIPTO TE 18 A 20X4,00 M;un;346;1;346;1683252,61;98,84;0,02;
132;B;LACO CAMPEIRO RESINADO 12MM 12;un;323;1;323;1683575,61;98,86;0,02;
133;B;VR ORDENHADEIRA 5L;un;160;2;320;1683895,61;98,88;0,02;
134;B;Cocho - 0,90;un;80;4;320;1684215,61;98,89;0,02;
135;B;Maxicam Injetável (2%) (Frasco 50 ml);un;106;3;318;1684533,61;98,91;0,02;
136;B;EUCALIPTO TE 10 A 12X2,20M CBI (estaca);un;52,37;6;314,22;1684847,83;98,93;0,02;
137;B;Metricure (Seringa 19 g);un;102;3;306;1685153,83;98,95;0,02;
138;B;PAPEL TOALHA MULTPEL CREME 20X21;un;12;25;300;1685453,83;98,97;0,02;
139;B;FITA CREPE 48MMX50MM;un;12;25;300;1685753,83;98,98;0,02;
140;B;SPECTRAMAST LC;un;19,95;15;299,25;1686053,08;99;0,02;
141;B;Mercepton (Frasco 100 ml);un;40,86;7;286;1686339,08;99,02;0,02;
142;B;VÁLVULA BOIA 1 BSP FF200;un;140;2;280;1686619,08;99,04;0,02;
143;B;VACINA RB 51 - FR 25 DS;un;135;2;270;1686889,08;99,05;0,02;
144;B;Mod Adap WF Gea 6cm x 48cm (filtro);un;89,83;3;269,5;1687158,58;99,07;0,02;
145;B;JG BRINCO GRANDE 25 X 1 LISO;un;89;3;267;1687425,58;99,08;0,02;
146;B;MASTI-SEAL 4G;un;11;24;264;1687689,58;99,1;0,02;
147;B;IVERMECTINA O.F.MASTER L.P.4% 500ML;un;261;1;261;1687950,58;99,11;0,02;
148;B;BARRA ROSCADA UNC 3/8X1000 RI POL;un;8;32;256;1688206,58;99,13;0,02;
149;B;CORRENTE ELO 12,5MM;un;29;8,8;255,2;1688461,78;99,14;0,01;
150;B;VACINA FORTRESS-7 50 DS;un;250;1;250;1688711,78;99,16;0,01;
151;B;BANAMINE 100ML;un;245;1;245;1688956,78;99,17;0,01;
152;B;VACINA BOVIGEN LEPTO 8 150ML - 50 DOSES;un;121;2;242;1689198,78;99,19;0,01;
153;B;Materiais Administrativos;un;16,91;14;236,7;1689435,48;99,2;0,01;
154;B;BIOXAN FR. 500ML;un;29;8;232;1689667,48;99,21;0,01;
155;B;NUTRON LYT 1KG;un;45;5;225;1689892,48;99,23;0,01;
156;B;Catosal B12 (Frasco 100 ml);un;110;2;220;1690112,48;99,24;0,01;
157;B;VACINA BOVIGEN REPRO SE 100ML;un;220;1;220;1690332,48;99,25;0,01;
158;B;LUVA P/ PROCED. COM PO SUPERMAX TAM M;un;14,53;15;218;1690550,48;99,27;0,01;
159;B;Mastifin (Seringa 10 ml);un;9;24;216;1690766,48;99,28;0,01;
160;B;LEINERT MASSA CORRIDA CX 20KG;un;43;5;215;1690981,48;99,29;0,01;
161;B;CORRENTE MOTO SERRA ORIG. ST 36100001640;un;97,12;2,2;213,66;1691195,14;99,3;0,01;
162;B;PINO 3 PONTO MF 892476M1;un;29,27;7;204,89;1691400,03;99,32;0,01;
163;B;DETERGENTE EXPUMANTE D-1000 20L;l;204;1;204;1691604,03;99,33;0,01;
164;B;Fertilcare Sincronização;ml;25;8;200;1691804,03;99,34;0,01;
165;B;Telhas de barro;un;2,53;79;200;1692004,03;99,35;0,01;
166;C;LEINERT VIVACOR BRANCO GELO 18L;un;200;1;200;1692204,03;99,36;0,01;
167;C;TURBO CALCIO 500ML;un;49;4;196;1692400,03;99,38;0,01;
168;C;Sincroforte 20ml;un;62,67;3;188,02;1692588,05;99,39;0,01;
169;C;CORRENTE ELO 9,5MM;un;29;5,9;171,1;1692759,15;99,4;0,01;
170;C;PISO ACETINADO 53X53 53851 SÃO PAULO CINZA (2,03);un;41,52;4,06;168,57;1692927,72;99,41;0,01;
171;C;ROFLIN INJ 100ML;un;80;2;160;1693087,72;99,42;0,01;
172;C;BOBINA DE PAPEL ONDULADO 1,2M;un;160;1;160;1693247,72;99,42;0,01;
173;C;BOTA PU CANO LONGO VERDE 41 SOL. PRETO;un;159;1;159;1693406,72;99,43;0,01;
174;C;Sincrocio (Frasco 50ml);ml;17,44;9;157;1693563,72;99,44;0,01;
175;C;MASTITE CLÍNICA;un;15,54;10;155,4;1693719,12;99,45;0,01;
176;C;CANECA DE CONTROLE CARTUCHEIRA - P5/ E;un;73;2;146;1693865,12;99,46;0,01;
177;C;Luva 60x60x120mm - P13/G1;un;68;2;136;1694001,12;99,47;0,01;
178;C;Ciosin (100ml);un;132;1;132;1694133,12;99,48;0,01;
179;C;ARRUELA LISA ZINCADA 3/8;un;0,31;430;131,3;1694264,42;99,48;0,01;
180;C;Luva 50x50x120 - P13/F1;un;65;2;130;1694394,42;99,49;0,01;
181;C;VACINA MORAK - 5 BR 30 DS;un;130;1;130;1694524,42;99,5;0,01;
182;C;TERMOSTATO EGO 55.17012.050 = 0/85G;un;129,9;1;129,9;1694654,32;99,51;0,01;
183;C;VACINA RB 51 - FR 5 DS - 10ml;un;31,28;4;125,11;1694779,43;99,51;0,01;
184;C;BANAMINE 50ML;un;123,15;1;123,15;1694902,58;99,52;0,01;
185;C;LANTERNA 1 LED FL 7005;un;121;1;121;1695023,58;99,53;0,01;
186;C;PINO LISO 1X153MM 1X153MM;un;40;3;120;1695143,58;99,54;0,01;
187;C;LUTALYSE FR. 30ML;un;59,83;2;119,65;1695263,23;99,54;0,01;
188;C;Estron 60ml;un;59;2;118;1695381,23;99,55;0,01;
189;C;Aminol 806 (Embalagem 5 l);un;23,52;5;117,6;1695498,83;99,56;0,01;
190;C;PISO CERÂMICO ALMEIDA 62HDA05 RET A 62X62 (2,28m(2;un;51,25;2,28;116,85;1695615,68;99,56;0,01;
191;C;TERMOMETRO INCORTERM PLASTICO - P5/ D;un;115;1;115;1695730,68;99,57;0,01;
192;C;VACINA SCOURGUARD 10DS (diarreia neonatal);un;115;1;115;1695845,68;99,58;0,01;
193;C;DESFLAN 50ML;un;57;2;114;1695959,68;99,58;0,01;
194;C;Materiais para infraestrutura;un;22,4;5;112;1696071,68;99,59;0,01;
195;C;COLA CONTATO AMAZONAS 750 GR;un;55,9;2;111,8;1696183,48;99,6;0,01;
196;C;ALBENDATHOR 10 % LT;un;110,08;1;110,08;1696293,56;99,6;0,01;
197;C;Terramicina LA Solução Injetável (Frasco 50 ml);un;22;5;110;1696403,56;99,61;0,01;
198;C;CAMARA DE AR 3,25 COLSON;un;54,55;2;109,1;1696512,66;99,62;0,01;
199;C;IODO START 2500 QUALIMILK 5L;un;108,64;1;108,64;1696621,3;99,62;0,01;
200;C;Fita de pesagem;un;106,28;1;106,28;1696727,58;99,63;0,01;
201;C;ATADURA CREP CREMER 15CM X 1,80PCT 12;un;53,09;2;106,18;1696833,76;99,64;0,01;
202;C;CATOFOS B12 100ML;un;106;1;106;1696939,76;99,64;0,01;
203;C;Ganaseg 7% (Frasco 30 ml);un;52,5;2;105;1697044,76;99,65;0,01;
204;C;CAVADEIRA C/CABO TIPO LIGH;un;104,97;1;104,97;1697149,73;99,65;0,01;
205;C;Atestado de Saúde Ocupacional - ASO;un;50;2;100;1697249,73;99,66;0,01;
206;C;SERINGA DESCARTÁVEL 10ML;un;1;100;100;1697349,73;99,67;0,01;
207;C;Luva de Redução Borracha 60x50 - P13/D6;un;100;1;100;1697449,73;99,67;0,01;
208;C;Curva de Borracha 50x40x13mm - P13/F2;un;100;1;100;1697549,73;99,68;0,01;
209;C;CATOL +(Butafosfan e Vitamina B12) 100 ml;un;98;1;98;1697647,73;99,68;0,01;
210;C;LUVA P/PROCED. COM PO SUPERMAX TAM P;un;48;2;96;1697743,73;99,69;0,01;
211;C;AGEMOXI LA 100 ML;un;47;2;94;1697837,73;99,69;0,01;
212;C;AVENTAL FORRADO PVC BRANCO 1,20 X 0,70;un;23;4;92;1697929,73;99,7;0,01;
213;C;PENCIVET PLUS PPU 50ML;un;45,59;2;91,18;1698020,91;99,71;0,01;
214;C;Cortiflan 50 ml;un;45;2;90;1698110,91;99,71;0,01;
215;C; BRASILUX FUNDO PREPARADOR PAREDES 3,6L;un;45;2;90;1698200,91;99,72;0,01;
216;C;Módulo Adaptador WF GEA 6cm x 48cm;un;89,5;1;89,5;1698290,41;99,72;0,01;
217;C;Curva de Borracha 50x32 Gea Nacional - P13/F4;un;88;1;88;1698378,41;99,73;0,01;
218;C;CORDA POLIPROPILENO 3MM VERMELHA;un;80,7;1,07;86,35;1698464,76;99,73;0,01;
219;C;FOSFOSAL 100 ML;un;86;1;86;1698550,76;99,74;0,01;
220;C;PRE FILTRO D6NN9A660A;un;84,02;1;84,02;1698634,78;99,74;0;
221;C;Trigental (Seringa 40 g);un;20,53;4;82,12;1698716,9;99,75;0;
222;C;SERROTE N-22 PROF;un;80,95;1;80,95;1698797,85;99,75;0;
223;C;Entrada de Leite 50mm - GEA Nacional P13/E2;un;80;1;80;1698877,85;99,76;0;
224;C;Mangueira Preta de Borracha 8.5x15mm - P9l/D;un;30,48;2,5;76,2;1698954,05;99,76;0;
225;C;Penfort Ppu (Frasco 50 ml);un;38;2;76;1699030,05;99,76;0;
226;C; MIXCOR SELADOR ACRÍLICO CASA NOVA CX 15KG;un;75;1;75;1699105,05;99,77;0;
227;C;CORRENTE ELO 3MM;un;44;1,7;74,8;1699179,85;99,77;0;
228;C;Ferrodex (Frasco 50 ml);un;18,5;4;74;1699253,85;99,78;0;
229;C;FILTRO MF 2710804 C15165/3;un;73,78;1;73,78;1699327,63;99,78;0;
230;C;SERINGA DESCARTÁVEL 20ML;un;1,4;50;70;1699397,63;99,79;0;
231;C;Curva Estriada Nacional - P13/E3;un;70;1;70;1699467,63;99,79;0;
232;C;CABO UNIV REDONDO MAD. 145CM;un;34;2;68;1699535,63;99,79;0;
233;C;PARAFUSO DIR.16X80 JUMIL BI;un;17;4;68;1699603,63;99,8;0;
234;C;DRENCH 1KG;un;67;1;67;1699670,63;99,8;0;
235;C;LUVAS (para ordenhar);un;67;1;67;1699737,63;99,81;0;
236;C;ANABOLIC 50ML;un;67;1;67;1699804,63;99,81;0;
237;C;ARGAMASSA QUALIFORT AC1 20KG;un;22,08;3;66,24;1699870,87;99,81;0;
238;C;Aliv V 50ml;un;32,84;2;65,68;1699936,55;99,82;0;
239;C;TUBO ISOL.3/8 MEDIO PRETO;un;2,51;25;62,75;1699999,3;99,82;0;
240;C;ISOLADOR EST.C.533 (castanha de choque);un;3,08;20;61,6;1700060,9;99,83;0;
241;C;ZELOTRIL PLUS INJ 100ML;un;60,55;1;60,55;1700121,45;99,83;0;
242;C;Termômetro Digital;un;60;1;60;1700181,45;99,83;0;
243;C;ANEL DE VEDACAO DO COLETOR CLASSIC 300 - P2/;un;15;4;60;1700241,45;99,84;0;
244;C;CORREIA A44 - P10/ACIMA;un;30;2;60;1700301,45;99,84;0;
245;C;TINTA MARCADORA RAIDEX;un;19,8;3;59,4;1700360,85;99,84;0;
246;C;TOP LINE SPRAY 400ML (prata);un;29;2;58;1700418,85;99,85;0;
247;C;CANIVETE SOL CABO MADEIRA PEQ.;un;57;1;57;1700475,85;99,85;0;
248;C;FACAO S/ BAINHA CORNETA 12";un;56;1;56;1700531,85;99,85;0;
249;C;BOTA BRANCA PVC 43 CURTA;un;55;1;55;1700586,85;99,86;0;
250;C;TAMPA DO TANQUE MF 3149550 M1;un;55;1;55;1700641,85;99,86;0;
251;C;PAG ROLO LÃ EXTRA 23CM;un;55;1;55;1700696,85;99,86;0;
252;C;CORANTE XADREZ AMARELO;un;13,75;4;55;1700751,85;99,87;0;
253;C;VACINA ANAVAC B19FR. 30ML;un;54;1;54;1700805,85;99,87;0;
254;C;ENXADA LARGA CANAV 2,5 C/ CABO 150 CM;un;54;1;54;1700859,85;99,87;0;
255;C;RODO P/ TERREIRO 20X50 CM;un;53,49;1;53,49;1700913,34;99,88;0;
256;C;FILTRO MF 2710805 CF700;un;53,28;1;53,28;1700966,62;99,88;0;
257;C;BOTA PRETA PVC CURTA;un;52;1;52;1701018,62;99,88;0;
258;C;BOTA PRETA PVC 42 CURTA;un;52;1;52;1701070,62;99,88;0;
259;C;BOTA PRETA PVC 38 CURTA;un;52;1;52;1701122,62;99,89;0;
260;C;MANGUEIRA SUCCAO ISAL  2" AZUL IBIRA;un;26;2;52;1701174,62;99,89;0;
261;C;FOICE ROCADEIRA;un;25,23;2;50,46;1701225,08;99,89;0;
262;C;D-500 (Frasco 50 ml);un;25;2;50;1701275,08;99,9;0;
263;C;FILTRO CAV PK 423651;un;25;2;50;1701325,08;99,9;0;
264;C;TAMPAO DE TETEIRA AZUL E PRETO P9/ C;un;10;5;50;1701375,08;99,9;0;
265;C;MARTELO UNHA POLID C/ CABO 29MM;un;50;1;50;1701425,08;99,91;0;
266;C;VALVULA TIP TOP CLASSIC 300 - P2/ D6;un;49;1;49;1701474,08;99,91;0;
267;C;ALICATE UNIVERSAL 8" ISOL. SATA;un;48;1;48;1701522,08;99,91;0;
268;C;PNEU 3,25X8 S/CAMARA 2 LONAS COLSON;un;46,9;1;46,9;1701568,98;99,91;0;
269;C;ATLAS TRINCHA 395 3;un;15;3;45;1701613,98;99,92;0;
270;C;PA DE BICO C/ CABO 120 CM;un;45;1;45;1701658,98;99,92;0;
271;C;Ungüento Pearson (Pote 250 g);un;44,5;1;44,5;1701703,48;99,92;0;
272;C;PORCA SEXTAVADA 3/8 ZINCADA;un;0,22;200;44;1701747,48;99,92;0;
273;C;PA BICO SERVENTE B3 C/CB RETO;un;43,71;1;43,71;1701791,19;99,93;0;
274;C;PINO C/ ARGOLA IMPLEMENTO MF 1482689;un;4,04;10;40,4;1701831,59;99,93;0;
275;C;PALHA DE AÇO N 1;un;2;20;40;1701871,59;99,93;0;
276;C;FITA CREPE 32X50;un;12;3;36;1701907,59;99,93;0;
277;C;FLEXIVEL TANQUE 1484958M92;un;33,81;1;33,81;1701941,4;99,94;0;
278;C;FERTILCARE OVULAÇÃO 100ML;un;33;1;33;1701974,4;99,94;0;
279;C;LIMA KF 8 P/ ENXADA C/ CABO;un;16,4;2;32,8;1702007,2;99,94;0;
280;C;TRINCHA ATLAS GRISALHO (395) 2.1/2;un;10,9;3;32,7;1702039,9;99,94;0;
281;C;LIMATAO ORIG. ST 56057715206 5,2x200;un;10,79;3;32,37;1702072,27;99,94;0;
282;C;PREGO 19X27;un;15;2;30;1702102,27;99,94;0;
283;C;LIXA MASSA 80;un;1,5;20;30;1702132,27;99,95;0;
284;C;LIXA MASSA 150;un;1,5;20;30;1702162,27;99,95;0;
285;C;BAINHA ANDRADE P/ FACAO 12;un;30;1;30;1702192,27;99,95;0;
286;C;AVENTAL PVC FORRADO 1.20 X 0.70-BRANCO;un;30;1;30;1702222,27;99,95;0;
287;C;LUVA DN40X1.1/4 MARROM (P);un;14,86;2;29,72;1702251,99;99,95;0;
288;C;VASSOURA GARY PLASTICO CABO MAD 40CM;un;29,7;1;29,7;1702281,69;99,96;0;
289;C;BUCHA LIMPEZA ORDENHA;un;9,67;3;29;1702310,69;99,96;0;
290;C;PORCA FREIANTE JUMIL 16MM;un;7;4;28;1702338,69;99,96;0;
291;C;CONECTOR EMENDA EM LINHA ALAVANCA 0221-2411;un;7;4;28;1702366,69;99,96;0;
292;C;VACINA PASTEURELOSE E SALMONELOSE BOVINA 16DS 50ML;un;27;1;27;1702393,69;99,96;0;
293;C;CCIR;un;26,18;1;26,18;1702419,87;99,96;0;
294;C;BARRA ROSCADA  UNC 1/2X1000 RI POL;un;13;2;26;1702445,87;99,97;0;
295;C;CABO P/ FOICE 110 CM;un;26;1;26;1702471,87;99,97;0;
296;C;UNIAO DN25 MARROM (P);un;12,78;2;25,56;1702497,43;99,97;0;
297;C;AGULHA DESC. P/ SUINO 25X7;un;0,25;100;25;1702522,43;99,97;0;
298;C;CHAVE COMB. PRO TRAMONT. 17MM 44660/017;un;25;1;25;1702547,43;99,97;0;
299;C;COPO MF 2710914M1;un;12,3;2;24,6;1702572,03;99,97;0;
300;C;ARRUELA LISA 17MM JM 2880 PANTOG.;un;6;4;24;1702596,03;99,97;0;
301;C;SOLUÇÃO FENOLFTALEINA 1.0% - LT;un;24;1;24;1702620,03;99,98;0;
302;C;BAINHA P/INSEMINACAO BOVI-GAINE 50X1;un;23,57;1;23,57;1702643,6;99,98;0;
303;C;GELADEIRA TERMICA 3L;un;7,67;3;23;1702666,6;99,98;0;
304;C;FILTRO CAV CURTO PK 635776;un;22,54;1;22,54;1702689,14;99,98;0;
305;C;GELADEIRA TERM.12L;un;22;1;22;1702711,14;99,98;0;
306;C;ADESIVO PVC 175G INCOLOR (P);un;21,91;1;21,91;1702733,05;99,98;0;
307;C;DESCONHECIDO 0;un;20;1;20;1702753,05;99,98;0;
308;C;AGULHA DESCARTÁVEL P/ SUINO 40X12;un;0,2;100;20;1702773,05;99,98;0;
309;C;PORCA SEXTAVADA UNC 3/8 CHV 9/16 POL;un;0,2;100;20;1702793,05;99,99;0;
310;C;CHAVE COMB. PRO TRAMONT. 15MM 44660/015;un;19,02;1;19,02;1702812,07;99,99;0;
311;C;Bolfo (Sachê 200 g);un;19;1;19;1702831,07;99,99;0;
312;C;EMENDA Y e T COM ESCAMA PARA MANGUEIRA 3/8 -;un;18;1;18;1702849,07;99,99;0;
313;C;CIDENTAL FR. 250ML;un;17;1;17;1702866,07;99,99;0;
314;C;Flucortan (Frasco 10 ml);un;16;1;16;1702882,07;99,99;0;
315;C;VASSOURA;un;15,5;1;15,5;1702897,57;99,99;0;
316;C;ATLAS SUPORTE GAIOLA 23CM;un;15;1;15;1702912,57;99,99;0;
317;C;BIOTRIL COMPRIMIDO;un;14,35;1;14,35;1702926,92;99,99;0;
318;C;Aditivo de Radiador;l;13;1;13;1702939,92;99,99;0;
319;C;BUCHA DN40X25 LONGA MARROM (P);un;5,7;2;11,4;1702951,32;99,99;0;
320;C;LIMATAO ORIG. ST 56057714006 4X200;un;10,79;1;10,79;1702962,11;100;0;
321;C;LIMATAO ORIG. ST 56057715506 5,5x200;un;10,79;1;10,79;1702972,9;100;0;
322;C;BAINHA P/ CANIVETE 330/5 E 330/6;un;10,25;1;10,25;1702983,15;100;0;
323;C;PLACENTEX INJ. 100ML;ml;10;1;10;1702993,15;100;0;
324;C;MANIPULO UNIVERSAL - P2/ C4;un;10;1;10;1703003,15;100;0;
325;C;CHAVE COMBINADA 14MM MAYLE;un;10;1;10;1703013,15;100;0;
326;C;DARE - Documento de Arrecadação de Receitas Estadu;un;8,43;1;8,43;1703021,58;100;0;
327;C;PLACENTEX 50ML;un;5,9;1;5,9;1703027,48;100;0;
328;C;PORCA SEXTAVADA UNC 1/2 CHV 3/4 POL;un;0,51;10;5,1;1703032,58;100;0;
329;C;ABRAÇADEIRA RSF 19mm - P11/E1;un;4,21;1;4,21;1703036,79;100;0;
330;C;ARRUELA LISA 1/2;un;0,35;10;3,5;1703040,29;100;0;
