Categoria;Número;Nome;Quantidade;Estoque mínimo;Unidade;Valor médio unitário;Valor total;LOCALARMAZENAMENTO;
Ingrediente para alimentação animal - Concentrados energéticos;1000140;RAÇÃO BOV. PRE-PARTO F. 30KG;35;5;un;19,363;677,7;;
Ingrediente para alimentação animal - Concentrados protéicos;1000142;RACAO BOV BEITE BEZ 1 P 30KG;55;3;un;69,064;3798,52;;
Ingrediente para alimentação animal - Concentrados protéicos;1000146;RACAO BOV CORTE BEEF 18 AE F 30KG;11;0;un;49,405;543,46;;
Ingrediente para alimentação animal - Concentrados protéicos;1000139;RAÇÃO BOV CORTE BEEF 21 AE F. 30KG;77;5;un;52,634;4052,82;;
Ingrediente para alimentação animal - Concentrados protéicos;1000141;RACAO BOV. LEITE BEZ 2 F 30KG;32;3;un;64,269;2056,61;;
Ingrediente para alimentação animal - Concentrados protéicos;1000144;RACAO MILK PROTEICO F 30KG;96696;10;un;0,312;30132,42;;
Ingrediente para alimentação animal - Concentrados protéicos;1000145;RACAO TECK MILK 24% S/U F 30KG;881383;20;un;0,106;93645,56;;
Ingrediente para alimentação animal - Minerais e aditivos;1000154;SUPL MIN COMIGO COOPER REPROD 80;30;3;un;121,701;3651,02;;
Produtos veterinários - Anti-inflamatórios, anti-piréticos, anti-alérgicos e analgésicos;1000429;BANAMINE 100ML;1;1;un;245,000;245;;
Produtos veterinários - Anti-inflamatórios, anti-piréticos, anti-alérgicos e analgésicos;1000197;BANAMINE 50ML;0,952;1;un;123,150;117,24;;
Produtos veterinários - Anti-inflamatórios, anti-piréticos, anti-alérgicos e analgésicos;2766;D-500 (Frasco 50 ml);1,1;0;un;25,000;27,5;;
Produtos veterinários - Anti-inflamatórios, anti-piréticos, anti-alérgicos e analgésicos;1000302;DESFLAN 50ML;2;0;un;57,000;114;;
Produtos veterinários - Anti-inflamatórios, anti-piréticos, anti-alérgicos e analgésicos;2768;Flucortan (Frasco 10 ml);1;0;un;16,000;16;;
Produtos veterinários - Anti-inflamatórios, anti-piréticos, anti-alérgicos e analgésicos;3480;Maxicam Injetável (2%) (Frasco 50 ml);3,49;1;un;104,304;364,02;;
Produtos veterinários - Anti-inflamatórios, anti-piréticos, anti-alérgicos e analgésicos;2059;Naquasone Injetável (Frasco 10 ml);3;1;un;20,000;60;;
Produtos veterinários - Anti-inflamatórios, anti-piréticos, anti-alérgicos e analgésicos;1358;Terra-Cortril Spray (Tubo 75 g);0,5;0;un;77,000;38,5;;
Produtos veterinários - Anti-sépticos e desinfetantes;1341;Formoped (Tubo 188 g);0,5;0;un;77,000;38,5;;
Produtos veterinários - Antimicrobianos gerais antifúngicos e antiprotozoários;1091;Advocin 180 (Frasco 50 ml);0;1;un;0,000;0;;
Produtos veterinários - Antimicrobianos gerais antifúngicos e antiprotozoários;1000165;AGEMOXI LA 100 ML;1;1;un;47,000;47;;
Produtos veterinários - Antimicrobianos gerais antifúngicos e antiprotozoários;2381;Borgal (Frasco 10 ml);10,9;2;un;48,845;532,41;;
Produtos veterinários - Antimicrobianos gerais antifúngicos e antiprotozoários;1000301;BORGAL FR. 50ML;9,66;1;un;45,693;441,39;;
Produtos veterinários - Antimicrobianos gerais antifúngicos e antiprotozoários;1000214;CEF 50MG/ML SUS. INJ. 100 ML;6,95;1;un;54,673;379,98;;
Produtos veterinários - Antimicrobianos gerais antifúngicos e antiprotozoários;1000172;GENTOPEN 20 MILHOES 30 ml;7;1;un;56,000;392;;
Produtos veterinários - Antimicrobianos gerais antifúngicos e antiprotozoários;1000133;HALOCUR 490 ML;1,924;1;un;857,595;1650,01;;
Produtos veterinários - Antimicrobianos gerais antifúngicos e antiprotozoários;1607;Imizol Injetável (Frasco 15 ml);2;1;un;70,000;140;;
Produtos veterinários - Antimicrobianos gerais antifúngicos e antiprotozoários;1000245;MASTI-SEAL 4G;16;4;un;11,000;176;;
Produtos veterinários - Antimicrobianos gerais antifúngicos e antiprotozoários;3022;Mastifin (Seringa 10 ml);24;4;un;9,000;216;;
Produtos veterinários - Antimicrobianos gerais antifúngicos e antiprotozoários;2426;Mastijet Forte (Seringa 8 g);26;5;un;18,489;480,71;;
Produtos veterinários - Antimicrobianos gerais antifúngicos e antiprotozoários;1000478;Mastijet Vaca Seca;16;4;un;20,000;320;;
Produtos veterinários - Antimicrobianos gerais antifúngicos e antiprotozoários;1000138;MASTITE CLÍNICA;36;3;un;15,612;562,04;;
Produtos veterinários - Antimicrobianos gerais antifúngicos e antiprotozoários;2489;Metricure (Seringa 19 g);3;1;un;102,000;306;;
Produtos veterinários - Antimicrobianos gerais antifúngicos e antiprotozoários;3506;Micotil 300 Injetável (Frasco 50 ml);2,7;1;un;280,000;756;;
Produtos veterinários - Antimicrobianos gerais antifúngicos e antiprotozoários;1349;Orbenin Extra Dry Cow (Seringa 3,6 g);20;2;un;17,000;340;;
Produtos veterinários - Antimicrobianos gerais antifúngicos e antiprotozoários;1920;Oxitrat- LA Plus (Frasco 50 ml);1,5;0;un;26,000;39;;
Produtos veterinários - Antimicrobianos gerais antifúngicos e antiprotozoários;1000198;PENCIVET PLUS PPU 50ML;1,93;1;un;45,569;87,95;;
Produtos veterinários - Antimicrobianos gerais antifúngicos e antiprotozoários;3256;Penfort Ppu (Frasco 50 ml);2;1;un;38,000;76;;
Produtos veterinários - Antimicrobianos gerais antifúngicos e antiprotozoários;1000175;RESFUR 100ML;4;1;un;395,000;1580;;
Produtos veterinários - Antimicrobianos gerais antifúngicos e antiprotozoários;1000177;ROFLIN INJ 100ML;0,6;1;un;80,000;48;;
Produtos veterinários - Antimicrobianos gerais antifúngicos e antiprotozoários;1000179;SPECTRAMAST LC;255;3;un;0,886;225,86;;
Produtos veterinários - Antimicrobianos gerais antifúngicos e antiprotozoários;1364;Terramicina LA Solução Injetável (Frasco 50 ml);2,8;1;un;22,000;61,6;;
Produtos veterinários - Antimicrobianos gerais antifúngicos e antiprotozoários;1366;Terramicina Pó C/ Antigerm 77 (Sachê 100 g);3,5;0;un;40,000;140;;
Produtos veterinários - Antimicrobianos gerais antifúngicos e antiprotozoários;3334;Trigental (Seringa 10 g);0;0;un;0,000;0;;
Produtos veterinários - Antimicrobianos gerais antifúngicos e antiprotozoários;3335;Trigental (Seringa 40 g);4;1;un;20,530;82,12;;
Produtos veterinários - Antimicrobianos gerais antifúngicos e antiprotozoários;1000199;ZELOTRIL PLUS INJ 100ML;1;1;un;60,550;60,55;;
Produtos veterinários - Antimicrobianos gerais antifúngicos e antiprotozoários;1000132;ZUPREVO 50ML;0,54;1;un;603,000;325,62;;
Produtos veterinários - Diagnósticos;1000117;ALTA SCRATCH E PCT/50 VERMELHO;149,48;5;un;16,656;2489,67;;
Produtos veterinários - Ectoparasiticidas (anti-parasitários);1000191;Máximo Pour-on 5L;37,99;0;un;87,105;3309,13;;
Produtos veterinários - Ectoparasiticidas (anti-parasitários);1000192;Neocidol B 40 (20 unidades);30;0;un;4,500;135;;
Produtos veterinários - Endectocidas (ação em endoparasitas e ectoparasitas) (anti-parasitários);1334;Dectomax (Frasco 50 ml);1;0;un;45,000;45;;
Produtos veterinários - Endectocidas (ação em endoparasitas e ectoparasitas) (anti-parasitários);1335;Dectomax (Frasco 500 ml);0,43;0;un;330,000;141,9;;
Produtos veterinários - Endectocidas (ação em endoparasitas e ectoparasitas) (anti-parasitários);2831;Ivomec Gold (Frasco 1000 ml);0;1;un;0,000;0;;
Produtos veterinários - Endoparasiticidas (anti-parasitários);1000217;ALBENDATHOR 10 % LT;0,861;0;un;110,080;94,78;;
Produtos veterinários - Endoparasiticidas (anti-parasitários);2091;Ganaseg 7% (Frasco 30 ml);1;1;un;53,333;53,33;;
Produtos veterinários - Endoparasiticidas (anti-parasitários);2822;Ripercol L 150f (Frasco 250 ml);0,5;0;un;63,000;31,5;;
Produtos veterinários - Hidratação, estimulante e medicação suporte;1000188;Aliv V 50ml;2,5;0;un;34,472;86,18;;
Produtos veterinários - Hidratação, estimulante e medicação suporte;1000442;ANABOLIC 50ML;1;1;un;67,000;67;;
Produtos veterinários - Hidratação, estimulante e medicação suporte;1000152;BIOXAN FR. 500ML;7;1;un;29,000;203;;
Produtos veterinários - Hidratação, estimulante e medicação suporte;1000168;CATOFOS B12 100ML;1;1;un;106,000;106;;
Produtos veterinários - Hidratação, estimulante e medicação suporte;1000360;CATOL +(Butafosfan e Vitamina B12) 100 ml;1;0;un;98,000;98;;
Produtos veterinários - Hidratação, estimulante e medicação suporte;2534;Catosal B12 (Frasco 100 ml);2,34;0;un;110,000;257,4;;
Produtos veterinários - Hidratação, estimulante e medicação suporte;1000119;Colostro Bovino Em Po 4.7 kg Brazil - BALDE;1;1;un;2.965,000;2965;;
Produtos veterinários - Hidratação, estimulante e medicação suporte;1000410;DAIRY DUNK 1KG;5;1;un;80,000;400;;
Produtos veterinários - Hidratação, estimulante e medicação suporte;1000169;DRENCH 1KG;1;1;un;67,000;67;;
Produtos veterinários - Hidratação, estimulante e medicação suporte;1000163;Hidralac 500ml;2;1;un;32,000;64;;
Produtos veterinários - Hidratação, estimulante e medicação suporte;2342;Mercepton (Frasco 100 ml);4,5;1;un;39,136;176,11;;
Produtos veterinários - Hidratação, estimulante e medicação suporte;1000384;NUTRON LYT 1KG;5;1;un;45,000;225;;
Produtos veterinários - Hormônios/similares;1000153;CIDR - Progesterona - 10 unidades;1;1;un;359,800;359,8;;
Produtos veterinários - Hormônios/similares;1000380;Ciosin (100ml);1;0;un;132,000;132;;
Produtos veterinários - Hormônios/similares;1000113;Estron 60ml;3,472;1;un;33,986;118;;
Produtos veterinários - Hormônios/similares;1000440;FERTILCARE OVULAÇÃO 100ML;1;1;un;33,000;33;;
Produtos veterinários - Hormônios/similares;1000120;Lactotropin 500mg;111;10;un;19,526;2167,39;;
Produtos veterinários - Hormônios/similares;1000129;LUTALYSE FR. 30ML;1,833;1;un;60,023;110,02;;
Produtos veterinários - Hormônios/similares;1000114;SincroCP 50ml;1,94;1;un;0,000;0;;
Produtos veterinários - Hormônios/similares;1000116;Sincrodiol 50ml;1,88;1;un;0,000;0;;
Produtos veterinários - Hormônios/similares;1000115;Sincroforte 20ml;5,75;1;un;31,957;183,75;;
Produtos veterinários - Hormônios/similares;1000112;Sincrogest (implante);0,8;0;un;0,000;0;;
Produtos veterinários - Hormônios/similares;1000187;Tec-Relin 20ml;0,75;0;un;80,000;60;;
Produtos veterinários - Imunização ativa;1000193;VACINA ANAVAC B19FR. 30ML;2,866;0;un;11,719;33,59;;
Produtos veterinários - Imunização ativa;1000249;VACINA MORAK - 5 BR 30 DS;0,274;0;un;130,000;35,62;;
Produtos veterinários - Imunização ativa;1000241;VACINA RB 51 - FR 25 DS;2;0;un;135,000;270;;
Produtos veterinários - Medicamentos;1000164;Resflor 100ml;0;1;un;0,000;0;;
Produtos veterinários - Minerais (formulações puras e complexos);3133;Ferrodex (Frasco 50 ml);4;1;un;18,500;74;;
Produtos veterinários - Minerais (formulações puras e complexos);1000248;FOSFOSAL 100 ML;0,3;0;un;86,000;25,8;;
Produtos veterinários - Outros;1000409;BOVICOR CREME 45 GR;6;1;un;115,000;690;;
Produtos veterinários - Probióticos;1000162;Biobac;0;3;un;0,000;0;;
Produtos veterinários - Soros hiperimunes;3425;Soro Antiofídico Polivalente Liof. (Seringa 50 ml);3;1;un;120,000;360;;
Produtos veterinários - Vacinas, corantes e diluentes (biológicos);1000482;IVERMECTINA O.F.MASTER L.P.4% 500ML;1;0;un;261,000;261;;
Produtos veterinários - Vacinas, corantes e diluentes (biológicos);1000481;VACINA BOVIGEN REPRO SE 100ML;1;0;un;220,000;220;;
Produtos veterinários - Vacinas, corantes e diluentes (biológicos);1000474;VACINA FORTRESS-7 50 DS;1;0;un;250,000;250;;
Produtos veterinários - Vacinas, corantes e diluentes (biológicos);1000477;VACINA PASTEURELOSE E SALMONELOSE BOVINA 16DS 50ML;1;0;un;27,000;27;;
Produtos veterinários - Vacinas, corantes e diluentes (biológicos);1000480;VACINA RB 51 - FR 5 DS - 10ml;4;0;un;31,278;125,11;;
Produtos veterinários - Vacinas, corantes e diluentes (biológicos);1000475;VACINA SCOURGUARD 10DS (diarreia neonatal);1;0;un;115,000;115;;
Sêmen;JAG; JAG (excluir);0;0;un;0,000;0;;
Sêmen;MYTYME HILLUX;A.R.K. MYTYME HILLUX;0;0;un;3,352;0;;
Sêmen;STARGAZER MESSI;A.R.K. STARGAZER MES;0;2;un;6,689;0;;
Sêmen;ABS LABEL;ABS LABEL;0;0;un;0,000;0;;
Sêmen;CAMPEAO FI;CAMPEAO FIV RIO DO L;0;0;un;0,000;0;;
Sêmen;COORS;COORS;2;0;un;4,190;8,38;;
Sêmen;GUINESS;GUINESS;2;0;un;22,667;45,33;;
Sêmen;HAGEN;HAGEN;2;0;un;125,000;250;;
Sêmen;JAG;JAG;1;0;un;0,000;0;;
Sêmen;METEORO;METEORO;0;0;un;0,000;0;;
Sêmen;MOSAIC;MOSAIC;1;0;un;0,000;0;;
Sêmen;NABIL;NABIL;0;0;un;0,000;0;;
Sêmen;PRAFESS;PRAFESS;1;0;un;0,000;0;;
Sêmen;ROBO;ROBO;0;0;un;0,000;0;;
Sêmen;STORMY;STORMY;1;0;un;0,000;0;;
Sêmen;SUCESSOR;SUCESSOR;0;0;un;0,000;0;;
Sêmen;VALENTE;VALENTE;0;0;un;0,000;0;;
Sêmen;VICTINHO;VICTINHO;35;0;un;0,000;0;;
