Nº animal;Dt. nasc.;Idade em meses;Grupos atuais;Categoria completa;Categoria abreviada;Sit. rep.;DEL;Dt. últ. leite;Últ. CL (kg);Dt. penúlt. CL;Penúlt. CL (kg);Dt. antepenúlt. CL;Antepenúlt. CL (kg);Dias após últ. CL;Dt. últ. diag.;Diag.;
01;01/11/2024;19,9;12 - NOV. PRENHES 1;Novilha gestante;Novilha ges.;Ges.;;;;;;;;;29/04/2026;Positivo;
02;25/10/2024;20,1;11 - RECRIA 2 (300 a 350 kg);Novilha gestante;Novilha ges.;Ges.;;;;;;;;;29/04/2026;Positivo;
03;27/02/2025;16;11 - RECRIA 2 (300 a 350 kg);Novilha vazia em atraso;Novilha vaz. atr.;Vaz. atr.;;;;;;;;;;;
03M;02/03/2026;4;09 - DESMAMA (100 a 160 kg);Bezerro macho em crescimento;Bezerro mac. cresc.;;;;;;;;;;;;
04;27/02/2025;16;11 - RECRIA 2 (300 a 350 kg);Novilha gestante;Novilha ges.;Ges.;;;;;;;;;03/07/2026;Positivo;
05M;25/04/2026;2,2;09 - DESMAMA (100 a 160 kg);Bezerro mamando;Bezerro mam.;;;;;;;;;;;;
06;10/11/2024;19,6;12 - NOV. PRENHES 1;Novilha gestante;Novilha ges.;Ges.;;;;;;;;;22/05/2026;Positivo;
068;28/02/2024;28;01 - NOV. ALTA;Vaca vazia apta em lactação;Vaca vaz. apt. lac.;Vaz. apt.;76;13/06/2026;22;18/05/2026;18;09/05/2026;14;20;15/08/2025;Positivo;
06M;20/05/2026;1,4;06 - BEZ 1 (0 A 30);Bezerro mamando;Bezerro mam.;;;;;;;;;;;;
070;28/02/2024;28;03 - Média,01 - NOV. ALTA;Vaca vazia pev em lactação;Vaca vaz. pev lac.;Vaz. pev;23;13/06/2026;11;;;;;20;15/08/2025;Positivo;
075;28/02/2024;28;03 - MÉDIA;Vaca vazia em atraso em lactação;Vaca vaz. atr. lac.;Vaz. atr.;131;13/06/2026;11;18/05/2026;10;09/05/2026;15;20;12/06/2026;Negativo;
07M;10/06/2026;0,7;06 - BEZ 1 (0 A 30);Bezerro mamando;Bezerro mam.;;;;;;;;;;;;
08;27/02/2025;16;11 - RECRIA 2 (300 a 350 kg);Novilha inseminada;Novilha ins.;Ins.;;;;;;;;;;;
08M;30/06/2026;0;06 - BEZ 1 (0 A 30),06 - BEZ 1 (0 A 30);Bezerro mamando;Bezerro mam.;;;;;;;;;;;;
09;27/02/2025;16;11 - RECRIA 2 (300 a 350 kg);Novilha vazia em atraso;Novilha vaz. atr.;Vaz. atr.;;;;;;;;;06/06/2026;Negativo;
090;01/11/2024;19,9;12 - NOV. PRENHES 1;Novilha gestante;Novilha ges.;Ges.;;;;;;;;;29/04/2026;Positivo;
107;30/09/2024;21;12 - NOV. PRENHES 1;Novilha gestante;Novilha ges.;Ges.;;;;;;;;;29/04/2026;Positivo;
108;01/06/2024;24,9;12 - NOV. PRENHES 1;Novilha vazia em atraso;Novilha vaz. atr.;Vaz. atr.;;;;;;;;;29/04/2026;Positivo;
113;01/05/2024;26;11 - RECRIA 2 (300 a 350 kg);Novilha gestante;Novilha ges.;Ges.;;;;;;;;;22/05/2026;Positivo;
1234;27/02/2024;28;13 - NOV. HOLANDESAS;Novilha gestante;Novilha ges.;Ges.;;;;;;;;;26/05/2026;Positivo;
1245;17/03/2024;27,4;13 - NOV. HOLANDESAS;Novilha gestante;Novilha ges.;Ges.;;;;;;;;;30/01/2026;Positivo;
1247;19/03/2024;27,4;13 - NOV. HOLANDESAS;Novilha gestante;Novilha ges.;Ges.;;;;;;;;;09/04/2026;Positivo;
1258;29/04/2024;26;13 - NOV. HOLANDESAS;Novilha gestante;Novilha ges.;Ges.;;;;;;;;;30/01/2026;Positivo;
126;28/02/2024;28;01 - NOV. ALTA;Vaca gestante em lactação;Vaca ges. lac.;Ges.;178;13/06/2026;22;18/05/2026;23;09/05/2026;22;20;22/05/2026;Positivo;
1260;10/05/2024;25,7;13 - NOV. HOLANDESAS;Novilha gestante;Novilha ges.;Ges.;;;;;;;;;19/03/2026;Positivo;
1261;21/05/2024;25,3;13 - NOV. HOLANDESAS;Novilha gestante;Novilha ges.;Ges.;;;;;;;;;09/04/2026;Positivo;
1262;23/05/2024;25,2;13 - NOV. HOLANDESAS;Novilha gestante;Novilha ges.;Ges.;;;;;;;;;30/01/2026;Positivo;
1263;26/05/2024;25,1;13 - NOV. HOLANDESAS;Novilha gestante;Novilha ges.;Ges.;;;;;;;;;26/02/2026;Positivo;
1264;27/05/2024;25,1;13 - NOV. HOLANDESAS;Novilha gestante;Novilha ges.;Ges.;;;;;;;;;19/03/2026;Positivo;
127;28/02/2024;28;01 - NOV. ALTA;Vaca inseminada em lactação;Vaca ins. lac.;Ins.;123;13/06/2026;21;18/05/2026;18;09/05/2026;20;20;22/05/2026;Negativo;
1273;03/08/2024;22,9;13 - NOV. HOLANDESAS;Novilha gestante;Novilha ges.;Ges.;;;;;;;;;26/02/2026;Positivo;
1274;14/08/2024;22,5;04 - PRÉ-PARTO;Novilha gestante;Novilha ges.;Ges.;;;;;;;;;09/01/2026;Positivo;
1275;16/08/2024;22,4;13 - NOV. HOLANDESAS;Novilha gestante;Novilha ges.;Ges.;;;;;;;;;30/01/2026;Positivo;
1276;22/08/2024;22,2;13 - NOV. HOLANDESAS;Novilha gestante;Novilha ges.;Ges.;;;;;;;;;26/02/2026;Positivo;
1278;24/08/2024;22,2;13 - NOV. HOLANDESAS;Novilha gestante;Novilha ges.;Ges.;;;;;;;;;30/01/2026;Positivo;
1279;27/08/2024;22,1;13 - NOV. HOLANDESAS;Novilha gestante;Novilha ges.;Ges.;;;;;;;;;26/02/2026;Positivo;
128;28/02/2024;28;03 - MÉDIA;Vaca vazia em atraso em lactação;Vaca vaz. atr. lac.;Vaz. atr.;123;13/06/2026;7;18/05/2026;13;09/05/2026;17;20;03/07/2026;Negativo;
1280;08/09/2024;21,7;13 - NOV. HOLANDESAS;Novilha gestante;Novilha ges.;Ges.;;;;;;;;;19/03/2026;Positivo;
1283;15/10/2024;20,5;13 - NOV. HOLANDESAS;Novilha gestante;Novilha ges.;Ges.;;;;;;;;;19/03/2026;Positivo;
1284;20/10/2024;20,3;13 - NOV. HOLANDESAS;Novilha gestante;Novilha ges.;Ges.;;;;;;;;;19/03/2026;Positivo;
1285;25/10/2024;20,1;13 - NOV. HOLANDESAS;Novilha gestante;Novilha ges.;Ges.;;;;;;;;;05/05/2026;Positivo;
129;28/02/2024;28;02 - VACAS ALTA;Vaca inseminada em lactação;Vaca ins. lac.;Ins.;98;13/06/2026;25;18/05/2026;21;09/05/2026;21;20;28/06/2025;Positivo;
1290;16/11/2024;19,4;13 - NOV. HOLANDESAS;Novilha gestante;Novilha ges.;Ges.;;;;;;;;;05/05/2026;Positivo;
131;28/02/2024;28;03 - Média,01 - NOV. ALTA;Vaca vazia pev em lactação;Vaca vaz. pev lac.;Vaz. pev;14;;;;;;;;09/10/2025;Positivo;
132;28/02/2024;28;01 - NOV. ALTA;Vaca inseminada em lactação;Vaca ins. lac.;Ins.;154;13/06/2026;21;18/05/2026;21;09/05/2026;18;20;21/05/2026;Negativo;
14;01/09/2024;21,9;11 - RECRIA 2 (300 a 350 kg);Novilha gestante;Novilha ges.;Ges.;;;;;;;;;29/04/2026;Positivo;
145;12/12/2021;54,5;01 - NOV. ALTA;Vaca gestante em lactação;Vaca ges. lac.;Ges.;304;13/06/2026;20;18/05/2026;24;09/05/2026;23;20;05/02/2026;Positivo;
146;28/02/2024;28;01 - NOV. ALTA;Vaca inseminada em lactação;Vaca ins. lac.;Ins.;101;13/06/2026;19;18/05/2026;16;09/05/2026;20;20;28/06/2025;Positivo;
148;28/02/2024;28;01 - NOV. ALTA;Vaca gestante em lactação;Vaca ges. lac.;Ges.;159;13/06/2026;29;18/05/2026;29;09/05/2026;31;20;22/05/2026;Positivo;
149;28/02/2024;28;01 - NOV. ALTA;Vaca gestante em lactação;Vaca ges. lac.;Ges.;173;13/06/2026;22;18/05/2026;22;09/05/2026;22;20;22/05/2026;Positivo;
150;28/02/2024;28;01 - NOV. ALTA;Vaca inseminada em lactação;Vaca ins. lac.;Ins.;114;13/06/2026;25;18/05/2026;25;09/05/2026;24;20;22/05/2026;Negativo;
151;21/01/2022;53,2;02 - VACAS ALTA;Vaca gestante em lactação;Vaca ges. lac.;Ges.;313;13/06/2026;27;18/05/2026;30;09/05/2026;31;20;05/02/2026;Positivo;
16;27/02/2025;16;12 - NOV. PRENHES 1;Novilha gestante;Novilha ges.;Ges.;;;;;;;;;03/07/2026;Positivo;
17;05/11/2024;19,8;12 - NOV. PRENHES 1,11 - RECRIA 2 (300 a 350 kg);Novilha inseminada;Novilha ins.;Ins.;;;;;;;;;22/05/2026;Negativo;
18;18/06/2024;24,4;04 - PRÉ-PARTO;Novilha gestante;Novilha ges.;Ges.;;;;;;;;;29/04/2026;Positivo;
20;02/12/2024;18,9;12 - NOV. PRENHES 1;Novilha gestante;Novilha ges.;Ges.;;;;;;;;;03/07/2026;Positivo;
206;09/08/2023;34,7;02 - VACAS ALTA;Vaca gestante em lactação;Vaca ges. lac.;Ges.;241;13/06/2026;21;18/05/2026;23;09/05/2026;25;20;20/03/2026;Positivo;
2063;09/12/2024;18,7;11 - RECRIA 2 (300 a 350 kg);Novilha gestante;Novilha ges.;Ges.;;;;;;;;;03/07/2026;Positivo;
2074;11/06/2024;24,6;04 - PRÉ-PARTO;Novilha gestante;Novilha ges.;Ges.;;;;;;;;;29/04/2026;Positivo;
208;02/10/2023;32,9;01 - NOV. ALTA;Vaca inseminada em lactação;Vaca ins. lac.;Ins.;202;13/06/2026;28;18/05/2026;22;09/05/2026;24;20;12/06/2026;Negativo;
215;12/02/2024;28,5;01 - NOV. ALTA;Vaca gestante em lactação;Vaca ges. lac.;Ges.;184;13/06/2026;33;18/05/2026;25;09/05/2026;23;20;29/04/2026;Positivo;
2213;07/10/2024;20,7;12 - NOV. PRENHES 1;Novilha gestante;Novilha ges.;Ges.;;;;;;;;;29/04/2026;Positivo;
2230;19/09/2024;21,3;12 - NOV. PRENHES 1;Novilha gestante;Novilha ges.;Ges.;;;;;;;;;29/04/2026;Positivo;
2231;29/09/2024;21;11 - RECRIA 2 (300 a 350 kg);Novilha gestante;Novilha ges.;Ges.;;;;;;;;;29/04/2026;Positivo;
2246;09/12/2024;18,7;11 - RECRIA 2 (300 a 350 kg);Novilha gestante;Novilha ges.;Ges.;;;;;;;;;03/07/2026;Positivo;
2341;27/02/2025;16;11 - RECRIA 2 (300 a 350 kg);Novilha inseminada;Novilha ins.;Ins.;;;;;;;;;12/06/2026;Negativo;
2344;26/05/2024;25,1;03 - Média,03 - MÉDIA,03 - Média;Vaca vazia pev em lactação;Vaca vaz. pev lac.;Vaz. pev;3;;;;;;;;29/04/2026;Positivo;
2345;22/11/2024;19,2;11 - RECRIA 2 (300 a 350 kg);Novilha gestante;Novilha ges.;Ges.;;;;;;;;;22/05/2026;Positivo;
2346;27/02/2025;16;11 - RECRIA 2 (300 a 350 kg);Novilha gestante;Novilha ges.;Ges.;;;;;;;;;03/07/2026;Positivo;
2347;27/02/2025;16;11 - RECRIA 2 (300 a 350 kg);Novilha gestante;Novilha ges.;Ges.;;;;;;;;;03/07/2026;Positivo;
2348;26/06/2024;24,1;03 - Média,03 - MÉDIA,03 - Média;Vaca vazia pev em lactação;Vaca vaz. pev lac.;Vaz. pev;11;;;;;;;;29/04/2026;Positivo;
2349;20/06/2024;24,3;01 - NOV. ALTA;Vaca inseminada em lactação;Vaca ins. lac.;Ins.;62;13/06/2026;15;18/05/2026;14;09/05/2026;10;20;24/09/2025;Positivo;
3335;01/08/2024;22,9;14 - NOV. 7/8;Novilha gestante;Novilha ges.;Ges.;;;;;;;;;23/01/2026;Positivo;
403;01/01/2021;65,8;03 - MÉDIA;Vaca gestante em lactação;Vaca ges. lac.;Ges.;349;13/06/2026;14;18/05/2026;25;09/05/2026;21;20;29/04/2026;Positivo;
404;01/01/2021;65,8;02 - VACAS ALTA;Vaca vazia apta em lactação;Vaca vaz. apt. lac.;Vaz. apt.;54;13/06/2026;14;18/05/2026;11;17/10/2025;7,5;20;07/11/2025;Positivo;
405;01/01/2018;101,8;02 - VACAS ALTA;Vaca vazia pev em lactação;Vaca vaz. pev lac.;Vaz. pev;41;13/06/2026;27;21/03/2026;9;18/02/2026;11;20;07/11/2025;Positivo;
414;01/01/2021;65,8;03 - MÉDIA;Vaca gestante em lactação;Vaca ges. lac.;Ges.;275;13/06/2026;15;18/05/2026;14;09/05/2026;20;20;29/04/2026;Positivo;
422;01/01/2018;101,8;05 - SECAS;Vaca vazia em atraso seca;Vaca vaz. atr. sec.;Vaz. atr.;;21/03/2026;10;18/02/2026;14;30/01/2026;16;104;03/07/2026;Negativo;
427;01/07/2019;83,9;03 - MÉDIA;Vaca inseminada em lactação;Vaca ins. lac.;Ins.;271;13/06/2026;21;18/05/2026;24;09/05/2026;21;20;12/06/2026;Negativo;
428;01/07/2023;36;02 - VACAS ALTA;Vaca gestante em lactação;Vaca ges. lac.;Ges.;290;13/06/2026;27;18/05/2026;31;09/05/2026;29;20;05/02/2026;Positivo;
429;01/07/2023;36;02 - VACAS ALTA;Vaca gestante em lactação;Vaca ges. lac.;Ges.;290;13/06/2026;19;18/05/2026;30;09/05/2026;32;20;18/12/2025;Positivo;
43;27/02/2025;16;11 - RECRIA 2 (300 a 350 kg);Novilha vazia em atraso;Novilha vaz. atr.;Vaz. atr.;;;;;;;;;;;
430;01/07/2023;36;02 - VACAS ALTA;Vaca gestante em lactação;Vaca ges. lac.;Ges.;282;13/06/2026;27;18/05/2026;24;09/05/2026;22;20;18/12/2025;Positivo;
431;13/02/2021;64,4;05 - SECAS,03 - Média;Vaca vazia pev seca;Vaca vaz. pev sec.;Vaz. pev;;18/05/2026;16;09/05/2026;20;01/05/2026;20;;29/04/2026;Positivo;
432;11/06/2023;36,6;05 - SECAS;Vaca gestante seca;Vaca ges. sec.;Ges.;;13/06/2026;21;18/05/2026;26;09/05/2026;24;20;18/12/2025;Positivo;
433;04/04/2022;50,8;05 - SECAS;Vaca gestante seca;Vaca ges. sec.;Ges.;;13/06/2026;28;18/05/2026;32;09/05/2026;32;20;18/12/2025;Positivo;
434;31/01/2023;40,9;01 - NOV. ALTA;Vaca inseminada em lactação;Vaca ins. lac.;Ins.;127;13/06/2026;16;18/05/2026;14;09/05/2026;18;20;18/12/2025;Positivo;
435;29/04/2023;38;02 - VACAS ALTA;Vaca gestante em lactação;Vaca ges. lac.;Ges.;327;13/06/2026;24;18/05/2026;24;09/05/2026;25;20;05/02/2026;Positivo;
436;06/05/2023;37,8;02 - VACAS ALTA;Vaca gestante em lactação;Vaca ges. lac.;Ges.;402;13/06/2026;27;18/05/2026;25;09/05/2026;27;20;20/03/2026;Positivo;
437;31/07/2022;46,9;02 - VACAS ALTA;Vaca vazia pev em lactação;Vaca vaz. pev lac.;Vaz. pev;44;13/06/2026;35;21/03/2026;19;18/02/2026;21;20;18/12/2025;Positivo;
455;04/09/2023;33,8;12 - NOV. PRENHES 1;Novilha gestante;Novilha ges.;Ges.;;;;;;;;;03/07/2026;Positivo;
459;07/02/2024;28,7;12 - NOV. PRENHES 1;Novilha gestante;Novilha ges.;Ges.;;;;;;;;;20/03/2026;Positivo;
460;13/02/2024;28,5;10 - RECRIA 1 (160 a 250 kg);Novilha vazia em atraso;Novilha vaz. atr.;Vaz. atr.;;;;;;;;;;;
461;26/04/2024;26,1;12 - NOV. PRENHES 1;Novilha gestante;Novilha ges.;Ges.;;;;;;;;;22/05/2026;Positivo;
463;01/08/2024;22,9;10 - RECRIA 1 (160 a 250 kg);Novilha vazia em atraso;Novilha vaz. atr.;Vaz. atr.;;;;;;;;;;;
464;23/08/2024;22,2;10 - RECRIA 1 (160 a 250 kg);Novilha vazia em atraso;Novilha vaz. atr.;Vaz. atr.;;;;;;;;;;;
467;10/12/2024;18,6;10 - RECRIA 1 (160 a 250 kg);Novilha vazia em atraso;Novilha vaz. atr.;Vaz. atr.;;;;;;;;;;;
470;01/10/2025;9;09 - DESMAMA (100 a 160 kg);Bezerra fêmea em crescimento;Bezerra fêm. cresc.;;;;;;;;;;;;
475;31/12/2025;6;09 - DESMAMA (100 a 160 kg);Bezerra fêmea em crescimento;Bezerra fêm. cresc.;;;;;;;;;;;;
476;06/01/2026;5,8;09 - DESMAMA (100 a 160 kg);Bezerra fêmea em crescimento;Bezerra fêm. cresc.;;;;;;;;;;;;
477;18/01/2026;5,4;09 - DESMAMA (100 a 160 kg);Bezerra fêmea em crescimento;Bezerra fêm. cresc.;;;;;;;;;;;;
478;30/01/2026;5;09 - DESMAMA (100 a 160 kg);Bezerra fêmea em crescimento;Bezerra fêm. cresc.;;;;;;;;;;;;
479;02/03/2026;4;08 - BEZ 3 (61 a 90);Bezerra fêmea em crescimento;Bezerra fêm. cresc.;;;;;;;;;;;;
480;11/03/2026;3,7;08 - BEZ 3 (61 a 90);Bezerra fêmea em crescimento;Bezerra fêm. cresc.;;;;;;;;;;;;
481;24/03/2026;3,3;08 - BEZ 3 (61 a 90);Bezerra fêmea em crescimento;Bezerra fêm. cresc.;;;;;;;;;;;;
482;27/04/2026;2,1;07 - BEZ 2 (31 a 60);Bezerra mamando;Bezerra mam.;;;;;;;;;;;;
483;23/05/2026;1,3;07 - BEZ 2 (31 a 60);Bezerra mamando;Bezerra mam.;;;;;;;;;;;;
484;19/06/2026;0,4;06 - BEZ 1 (0 A 30);Bezerra mamando;Bezerra mam.;;;;;;;;;;;;
485;22/06/2026;0,3;06 - BEZ 1 (0 A 30),06 - BEZ 1 (0 A 30);Bezerra mamando;Bezerra mam.;;;;;;;;;;;;
559;01/08/2024;22,9;14 - NOV. 7/8;Novilha gestante;Novilha ges.;Ges.;;;;;;;;;23/01/2026;Positivo;
603;23/10/2020;68,1;03 - MÉDIA;Vaca gestante em lactação;Vaca ges. lac.;Ges.;224;13/06/2026;15;18/05/2026;14;09/05/2026;21;20;03/07/2026;Positivo;
7508;01/08/2024;22,9;14 - NOV. 7/8;Novilha gestante;Novilha ges.;Ges.;;;;;;;;;03/03/2026;Positivo;
7518;01/08/2024;22,9;14 - NOV. 7/8;Novilha gestante;Novilha ges.;Ges.;;;;;;;;;03/04/2026;Positivo;
7520;01/08/2024;22,9;14 - NOV. 7/8;Novilha gestante;Novilha ges.;Ges.;;;;;;;;;03/03/2026;Positivo;
7541;01/08/2024;22,9;14 - NOV. 7/8;Novilha gestante;Novilha ges.;Ges.;;;;;;;;;03/04/2026;Positivo;
7542;01/08/2024;22,9;14 - NOV. 7/8;Novilha gestante;Novilha ges.;Ges.;;;;;;;;;23/01/2026;Positivo;
7656;01/08/2024;22,9;14 - NOV. 7/8;Novilha gestante;Novilha ges.;Ges.;;;;;;;;;03/04/2026;Positivo;
8013;01/08/2024;22,9;14 - NOV. 7/8;Novilha vazia em atraso;Novilha vaz. atr.;Vaz. atr.;;;;;;;;;03/07/2026;Negativo;
861;28/02/2024;28;01 - NOV. ALTA;Vaca inseminada em lactação;Vaca ins. lac.;Ins.;67;13/06/2026;20;18/05/2026;20;09/05/2026;15;20;15/08/2025;Positivo;
8907;01/08/2024;22,9;14 - NOV. 7/8;Novilha gestante;Novilha ges.;Ges.;;;;;;;;;03/04/2026;Positivo;
8919;01/08/2024;22,9;14 - NOV. 7/8;Novilha gestante;Novilha ges.;Ges.;;;;;;;;;03/04/2026;Positivo;
9251;01/08/2024;22,9;14 - NOV. 7/8;Novilha gestante;Novilha ges.;Ges.;;;;;;;;;23/01/2026;Positivo;
9320;01/08/2024;22,9;14 - NOV. 7/8;Novilha gestante;Novilha ges.;Ges.;;;;;;;;;23/01/2026;Positivo;
9321;01/08/2024;22,9;14 - NOV. 7/8;Novilha inseminada;Novilha ins.;Ins.;;;;;;;;;30/06/2026;Negativo;
9322;01/08/2024;22,9;14 - NOV. 7/8;Novilha vazia em atraso;Novilha vaz. atr.;Vaz. atr.;;;;;;;;;03/07/2026;Negativo;
9370;01/08/2024;22,9;14 - NOV. 7/8;Novilha gestante;Novilha ges.;Ges.;;;;;;;;;03/04/2026;Positivo;
9372;01/08/2024;22,9;14 - NOV. 7/8;Novilha gestante;Novilha ges.;Ges.;;;;;;;;;23/01/2026;Positivo;
9373;01/08/2024;22,9;14 - NOV. 7/8;Novilha gestante;Novilha ges.;Ges.;;;;;;;;;03/04/2026;Positivo;
9376;01/08/2024;22,9;14 - NOV. 7/8;Novilha gestante;Novilha ges.;Ges.;;;;;;;;;23/01/2026;Positivo;
9378;01/08/2024;22,9;14 - NOV. 7/8;Novilha vazia em atraso;Novilha vaz. atr.;Vaz. atr.;;;;;;;;;03/07/2026;Negativo;
ABS LABEL;;;;Indefinido;Indefinido;;;;;;;;;;;;
CAMPEAO FI;;;;Indefinido;Indefinido;;;;;;;;;;;;
COORS;;;;Indefinido;Indefinido;;;;;;;;;;;;
DESCONHECIDO;;;;Indefinido;Indefinido;;;;;;;;;;;;
FREDERICO;04/05/2017;109,7;INDEFINIDO;Touro;Touro;;;;;;;;;;;;
GUINESS;;;;Indefinido;Indefinido;;;;;;;;;;;;
HAGEN;;;;Indefinido;Indefinido;;;;;;;;;;;;
JAG;;;;Indefinido;Indefinido;;;;;;;;;;;;
LUZIO;;;;Indefinido;Indefinido;;;;;;;;;;;;
METEORO;;;;Indefinido;Indefinido;;;;;;;;;;;;
MOSAIC;;;;Indefinido;Indefinido;;;;;;;;;;;;
MYTYME HILLUX;;;;Indefinido;Indefinido;;;;;;;;;;;;
NABIL;;;;Indefinido;Indefinido;;;;;;;;;;;;
PRAFESS;;;;Indefinido;Indefinido;;;;;;;;;;;;
ROBO;;;;Indefinido;Indefinido;;;;;;;;;;;;
SEVAVERDE;01/12/2020;66,8;INDEFINIDO;Touro;Touro;;;;;;;;;;;;
STARGAZER MESSI;;;;Indefinido;Indefinido;;;;;;;;;;;;
STORMY;;;;Indefinido;Indefinido;;;;;;;;;;;;
SUCESSOR;;;;Indefinido;Indefinido;;;;;;;;;;;;
VALENTE;;;;Indefinido;Indefinido;;;;;;;;;;;;
VICTINHO;;;;Indefinido;Indefinido;;;;;;;;;;;;
