NUMERO;NOME_RESUMIDO;RGD;RACA;DATA_LEITE;PESO_TOTAL_LEITE;DATA_ULTIMO_PARTO;DATA_BAIXA;
068;068;;Girolando;01/05/2026;11;18/04/2026;;
068;068;;Girolando;09/05/2026;14;18/04/2026;;
068;068;;Girolando;18/05/2026;18;18/04/2026;;
068;068;;Girolando;13/06/2026;22;18/04/2026;;
070;070;;Girolando;13/06/2026;11;10/06/2026;;
075;075;;Girolando;21/03/2026;18;22/02/2026;;
075;075;;Girolando;04/04/2026;22;22/02/2026;;
075;075;;Girolando;17/04/2026;17;22/02/2026;;
075;075;;Girolando;01/05/2026;16;22/02/2026;;
075;075;;Girolando;09/05/2026;15;22/02/2026;;
075;075;;Girolando;18/05/2026;10;22/02/2026;;
075;075;;Girolando;13/06/2026;11;22/02/2026;;
126;126;;Girolando;10/01/2026;11;06/01/2026;;
126;126;;Girolando;16/01/2026;17;06/01/2026;;
126;126;;Girolando;23/01/2026;20;06/01/2026;;
126;126;;Girolando;30/01/2026;22;06/01/2026;;
126;126;;Girolando;18/02/2026;20;06/01/2026;;
126;126;;Girolando;21/03/2026;20;06/01/2026;;
126;126;;Girolando;04/04/2026;22;06/01/2026;;
126;126;;Girolando;17/04/2026;20;06/01/2026;;
126;126;;Girolando;01/05/2026;21;06/01/2026;;
126;126;;Girolando;09/05/2026;22;06/01/2026;;
126;126;;Girolando;18/05/2026;23;06/01/2026;;
126;126;;Girolando;13/06/2026;22;06/01/2026;;
127;127;;Girolando;21/03/2026;18;02/03/2026;;
127;127;;Girolando;04/04/2026;16;02/03/2026;;
127;127;;Girolando;17/04/2026;15;02/03/2026;;
127;127;;Girolando;01/05/2026;16;02/03/2026;;
127;127;;Girolando;09/05/2026;20;02/03/2026;;
127;127;;Girolando;18/05/2026;18;02/03/2026;;
127;127;;Girolando;13/06/2026;21;02/03/2026;;
128;128;;Girolando;21/03/2026;14;02/03/2026;;
128;128;;Girolando;04/04/2026;18;02/03/2026;;
128;128;;Girolando;17/04/2026;15;02/03/2026;;
128;128;;Girolando;01/05/2026;14;02/03/2026;;
128;128;;Girolando;09/05/2026;17;02/03/2026;;
128;128;;Girolando;18/05/2026;13;02/03/2026;;
128;128;;Girolando;13/06/2026;7;02/03/2026;;
129;129;;Girolando;04/04/2026;11;27/03/2026;;
129;129;;Girolando;17/04/2026;17;27/03/2026;;
129;129;;Girolando;01/05/2026;16;27/03/2026;;
129;129;;Girolando;09/05/2026;21;27/03/2026;;
129;129;;Girolando;18/05/2026;21;27/03/2026;;
129;129;;Girolando;13/06/2026;25;27/03/2026;;
130;130;;Girolando;23/01/2026;7;18/01/2026;20/05/2026;
130;130;;Girolando;30/01/2026;20;18/01/2026;20/05/2026;
130;130;;Girolando;18/02/2026;21;18/01/2026;20/05/2026;
130;130;;Girolando;21/03/2026;22;18/01/2026;20/05/2026;
130;130;;Girolando;04/04/2026;25;18/01/2026;20/05/2026;
130;130;;Girolando;17/04/2026;23;18/01/2026;20/05/2026;
130;130;;Girolando;01/05/2026;23;18/01/2026;20/05/2026;
130;130;;Girolando;09/05/2026;22;18/01/2026;20/05/2026;
130;130;;Girolando;18/05/2026;23;18/01/2026;20/05/2026;
132;132;;Girolando;18/02/2026;13;30/01/2026;;
132;132;;Girolando;21/03/2026;17;30/01/2026;;
132;132;;Girolando;04/04/2026;18;30/01/2026;;
132;132;;Girolando;17/04/2026;10;30/01/2026;;
132;132;;Girolando;01/05/2026;17;30/01/2026;;
132;132;;Girolando;09/05/2026;18;30/01/2026;;
132;132;;Girolando;18/05/2026;21;30/01/2026;;
132;132;;Girolando;13/06/2026;21;30/01/2026;;
145;145;145;Holandês;13/12/2025;25,5;02/09/2025;;
145;145;145;Holandês;21/12/2025;23,2;02/09/2025;;
145;145;145;Holandês;29/12/2025;23;02/09/2025;;
145;145;145;Holandês;04/01/2026;24;02/09/2025;;
145;145;145;Holandês;10/01/2026;25;02/09/2025;;
145;145;145;Holandês;16/01/2026;24;02/09/2025;;
145;145;145;Holandês;23/01/2026;25;02/09/2025;;
145;145;145;Holandês;30/01/2026;26;02/09/2025;;
145;145;145;Holandês;18/02/2026;26;02/09/2025;;
145;145;145;Holandês;21/03/2026;22;02/09/2025;;
145;145;145;Holandês;04/04/2026;18;02/09/2025;;
145;145;145;Holandês;17/04/2026;22;02/09/2025;;
145;145;145;Holandês;01/05/2026;21;02/09/2025;;
145;145;145;Holandês;09/05/2026;23;02/09/2025;;
145;145;145;Holandês;18/05/2026;24;02/09/2025;;
145;145;145;Holandês;13/06/2026;20;02/09/2025;;
146;146;;Girolando;04/04/2026;11;24/03/2026;;
146;146;;Girolando;17/04/2026;15;24/03/2026;;
146;146;;Girolando;01/05/2026;17;24/03/2026;;
146;146;;Girolando;09/05/2026;20;24/03/2026;;
146;146;;Girolando;18/05/2026;16;24/03/2026;;
146;146;;Girolando;13/06/2026;19;24/03/2026;;
147;147;;Girolando;01/05/2026;14;25/04/2026;06/06/2026;
147;147;;Girolando;09/05/2026;20;25/04/2026;06/06/2026;
147;147;;Girolando;18/05/2026;21;25/04/2026;06/06/2026;
148;148;;Girolando;30/01/2026;16;25/01/2026;;
148;148;;Girolando;18/02/2026;21;25/01/2026;;
148;148;;Girolando;21/03/2026;24;25/01/2026;;
148;148;;Girolando;04/04/2026;24;25/01/2026;;
148;148;;Girolando;17/04/2026;23;25/01/2026;;
148;148;;Girolando;01/05/2026;30;25/01/2026;;
148;148;;Girolando;09/05/2026;31;25/01/2026;;
148;148;;Girolando;18/05/2026;29;25/01/2026;;
148;148;;Girolando;13/06/2026;29;25/01/2026;;
149;149;;Girolando;16/01/2026;21;11/01/2026;;
149;149;;Girolando;23/01/2026;23;11/01/2026;;
149;149;;Girolando;30/01/2026;23;11/01/2026;;
149;149;;Girolando;18/02/2026;19;11/01/2026;;
149;149;;Girolando;21/03/2026;19;11/01/2026;;
149;149;;Girolando;04/04/2026;19;11/01/2026;;
149;149;;Girolando;17/04/2026;22;11/01/2026;;
149;149;;Girolando;01/05/2026;20;11/01/2026;;
149;149;;Girolando;09/05/2026;22;11/01/2026;;
149;149;;Girolando;18/05/2026;22;11/01/2026;;
149;149;;Girolando;13/06/2026;22;11/01/2026;;
150;150;;Girolando;21/03/2026;20;11/03/2026;;
150;150;;Girolando;04/04/2026;22;11/03/2026;;
150;150;;Girolando;17/04/2026;22;11/03/2026;;
150;150;;Girolando;01/05/2026;25;11/03/2026;;
150;150;;Girolando;09/05/2026;24;11/03/2026;;
150;150;;Girolando;18/05/2026;25;11/03/2026;;
150;150;;Girolando;13/06/2026;25;11/03/2026;;
151;151;151;Holandês;13/12/2025;28;24/08/2025;;
151;151;151;Holandês;21/12/2025;23;24/08/2025;;
151;151;151;Holandês;29/12/2025;27;24/08/2025;;
151;151;151;Holandês;04/01/2026;24;24/08/2025;;
151;151;151;Holandês;10/01/2026;25;24/08/2025;;
151;151;151;Holandês;16/01/2026;27;24/08/2025;;
151;151;151;Holandês;23/01/2026;24;24/08/2025;;
151;151;151;Holandês;30/01/2026;24;24/08/2025;;
151;151;151;Holandês;18/02/2026;27;24/08/2025;;
151;151;151;Holandês;21/03/2026;25;24/08/2025;;
151;151;151;Holandês;04/04/2026;26;24/08/2025;;
151;151;151;Holandês;17/04/2026;25;24/08/2025;;
151;151;151;Holandês;01/05/2026;26;24/08/2025;;
151;151;151;Holandês;09/05/2026;31;24/08/2025;;
151;151;151;Holandês;18/05/2026;30;24/08/2025;;
151;151;151;Holandês;13/06/2026;27;24/08/2025;;
206;206-ARAPUCA;206-ARAPUCA;Girolando;29/11/2025;15;04/11/2025;;
206;206-ARAPUCA;206-ARAPUCA;Girolando;13/12/2025;22;04/11/2025;;
206;206-ARAPUCA;206-ARAPUCA;Girolando;21/12/2025;25;04/11/2025;;
206;206-ARAPUCA;206-ARAPUCA;Girolando;29/12/2025;23;04/11/2025;;
206;206-ARAPUCA;206-ARAPUCA;Girolando;04/01/2026;20;04/11/2025;;
206;206-ARAPUCA;206-ARAPUCA;Girolando;10/01/2026;23;04/11/2025;;
206;206-ARAPUCA;206-ARAPUCA;Girolando;16/01/2026;20;04/11/2025;;
206;206-ARAPUCA;206-ARAPUCA;Girolando;23/01/2026;23;04/11/2025;;
206;206-ARAPUCA;206-ARAPUCA;Girolando;30/01/2026;24;04/11/2025;;
206;206-ARAPUCA;206-ARAPUCA;Girolando;18/02/2026;22;04/11/2025;;
206;206-ARAPUCA;206-ARAPUCA;Girolando;21/03/2026;21;04/11/2025;;
206;206-ARAPUCA;206-ARAPUCA;Girolando;04/04/2026;21;04/11/2025;;
206;206-ARAPUCA;206-ARAPUCA;Girolando;17/04/2026;23;04/11/2025;;
206;206-ARAPUCA;206-ARAPUCA;Girolando;01/05/2026;20;04/11/2025;;
206;206-ARAPUCA;206-ARAPUCA;Girolando;09/05/2026;25;04/11/2025;;
206;206-ARAPUCA;206-ARAPUCA;Girolando;18/05/2026;23;04/11/2025;;
206;206-ARAPUCA;206-ARAPUCA;Girolando;13/06/2026;21;04/11/2025;;
208;208-Rasgada;208-RASGADA;Holandês;21/12/2025;17;13/12/2025;;
208;208-Rasgada;208-RASGADA;Holandês;29/12/2025;23;13/12/2025;;
208;208-Rasgada;208-RASGADA;Holandês;04/01/2026;21;13/12/2025;;
208;208-Rasgada;208-RASGADA;Holandês;10/01/2026;22;13/12/2025;;
208;208-Rasgada;208-RASGADA;Holandês;16/01/2026;25;13/12/2025;;
208;208-Rasgada;208-RASGADA;Holandês;23/01/2026;22;13/12/2025;;
208;208-Rasgada;208-RASGADA;Holandês;30/01/2026;24;13/12/2025;;
208;208-Rasgada;208-RASGADA;Holandês;18/02/2026;22;13/12/2025;;
208;208-Rasgada;208-RASGADA;Holandês;21/03/2026;22;13/12/2025;;
208;208-Rasgada;208-RASGADA;Holandês;04/04/2026;26;13/12/2025;;
208;208-Rasgada;208-RASGADA;Holandês;17/04/2026;24;13/12/2025;;
208;208-Rasgada;208-RASGADA;Holandês;01/05/2026;24;13/12/2025;;
208;208-Rasgada;208-RASGADA;Holandês;09/05/2026;24;13/12/2025;;
208;208-Rasgada;208-RASGADA;Holandês;18/05/2026;22;13/12/2025;;
208;208-Rasgada;208-RASGADA;Holandês;13/06/2026;28;13/12/2025;;
215;215-Vicosa;215-VIÇOSA;Holandês;04/01/2026;13;31/12/2025;;
215;215-Vicosa;215-VIÇOSA;Holandês;10/01/2026;12;31/12/2025;;
215;215-Vicosa;215-VIÇOSA;Holandês;16/01/2026;20;31/12/2025;;
215;215-Vicosa;215-VIÇOSA;Holandês;23/01/2026;21;31/12/2025;;
215;215-Vicosa;215-VIÇOSA;Holandês;30/01/2026;26;31/12/2025;;
215;215-Vicosa;215-VIÇOSA;Holandês;18/02/2026;25;31/12/2025;;
215;215-Vicosa;215-VIÇOSA;Holandês;21/03/2026;25;31/12/2025;;
215;215-Vicosa;215-VIÇOSA;Holandês;04/04/2026;27;31/12/2025;;
215;215-Vicosa;215-VIÇOSA;Holandês;17/04/2026;26;31/12/2025;;
215;215-Vicosa;215-VIÇOSA;Holandês;01/05/2026;24;31/12/2025;;
215;215-Vicosa;215-VIÇOSA;Holandês;09/05/2026;23;31/12/2025;;
215;215-Vicosa;215-VIÇOSA;Holandês;18/05/2026;25;31/12/2025;;
215;215-Vicosa;215-VIÇOSA;Holandês;13/06/2026;33;31/12/2025;;
2349;2349;;Girolando;09/05/2026;10;02/05/2026;;
2349;2349;;Girolando;18/05/2026;14;02/05/2026;;
2349;2349;;Girolando;13/06/2026;15;02/05/2026;;
282-A;282-A;282-A;Holandês;20/12/2024;38;24/11/2025;24/02/2026;
282-A;282-A;282-A;Holandês;26/12/2024;36,3;24/11/2025;24/02/2026;
282-A;282-A;282-A;Holandês;18/01/2025;30,3;24/11/2025;24/02/2026;
282-A;282-A;282-A;Holandês;04/02/2025;32,2;24/11/2025;24/02/2026;
282-A;282-A;282-A;Holandês;08/03/2025;28,3;24/11/2025;24/02/2026;
282-A;282-A;282-A;Holandês;15/03/2025;32;24/11/2025;24/02/2026;
282-A;282-A;282-A;Holandês;19/04/2025;28;24/11/2025;24/02/2026;
282-A;282-A;282-A;Holandês;20/07/2025;26,2;24/11/2025;24/02/2026;
282-A;282-A;282-A;Holandês;13/08/2025;23;24/11/2025;24/02/2026;
282-A;282-A;282-A;Holandês;24/08/2025;20;24/11/2025;24/02/2026;
282-A;282-A;282-A;Holandês;22/09/2025;4;24/11/2025;24/02/2026;
282-A;282-A;282-A;Holandês;29/11/2025;23;24/11/2025;24/02/2026;
282-A;282-A;282-A;Holandês;13/12/2025;27;24/11/2025;24/02/2026;
282-A;282-A;282-A;Holandês;21/12/2025;31,2;24/11/2025;24/02/2026;
282-A;282-A;282-A;Holandês;29/12/2025;21;24/11/2025;24/02/2026;
282-A;282-A;282-A;Holandês;04/01/2026;24;24/11/2025;24/02/2026;
282-A;282-A;282-A;Holandês;10/01/2026;23;24/11/2025;24/02/2026;
282-A;282-A;282-A;Holandês;16/01/2026;9;24/11/2025;24/02/2026;
282-A;282-A;282-A;Holandês;23/01/2026;13;24/11/2025;24/02/2026;
282-A;282-A;282-A;Holandês;30/01/2026;12;24/11/2025;24/02/2026;
401 MERYLU;401 Merylu;;Girolando;20/04/2024;27,46;26/05/2025;04/12/2025;
401 MERYLU;401 Merylu;;Girolando;24/06/2024;21;26/05/2025;04/12/2025;
401 MERYLU;401 Merylu;;Girolando;20/12/2024;12;26/05/2025;04/12/2025;
401 MERYLU;401 Merylu;;Girolando;26/12/2024;8;26/05/2025;04/12/2025;
401 MERYLU;401 Merylu;;Girolando;18/01/2025;9;26/05/2025;04/12/2025;
401 MERYLU;401 Merylu;;Girolando;04/02/2025;6,3;26/05/2025;04/12/2025;
401 MERYLU;401 Merylu;;Girolando;08/03/2025;6;26/05/2025;04/12/2025;
402-DIAMANTE;402-Diamante;;Girolando;09/03/2024;34,98;07/01/2025;21/04/2026;
402-DIAMANTE;402-Diamante;;Girolando;20/04/2024;33,95;07/01/2025;21/04/2026;
402-DIAMANTE;402-Diamante;;Girolando;24/06/2024;28;07/01/2025;21/04/2026;
402-DIAMANTE;402-Diamante;;Girolando;18/01/2025;19;07/01/2025;21/04/2026;
402-DIAMANTE;402-Diamante;;Girolando;04/02/2025;22;07/01/2025;21/04/2026;
402-DIAMANTE;402-Diamante;;Girolando;08/03/2025;26,2;07/01/2025;21/04/2026;
402-DIAMANTE;402-Diamante;;Girolando;15/03/2025;22,2;07/01/2025;21/04/2026;
402-DIAMANTE;402-Diamante;;Girolando;19/04/2025;24;07/01/2025;21/04/2026;
402-DIAMANTE;402-Diamante;;Girolando;20/07/2025;17,4;07/01/2025;21/04/2026;
402-DIAMANTE;402-Diamante;;Girolando;13/08/2025;13;07/01/2025;21/04/2026;
402-DIAMANTE;402-Diamante;;Girolando;24/08/2025;9;07/01/2025;21/04/2026;
402-DIAMANTE;402-Diamante;;Girolando;22/09/2025;12;07/01/2025;21/04/2026;
402-DIAMANTE;402-Diamante;;Girolando;02/10/2025;9;07/01/2025;21/04/2026;
402-DIAMANTE;402-Diamante;;Girolando;17/10/2025;9;07/01/2025;21/04/2026;
402-DIAMANTE;402-Diamante;;Girolando;24/11/2025;5;07/01/2025;21/04/2026;
402-DIAMANTE;402-Diamante;;Girolando;23/01/2026;10;07/01/2025;21/04/2026;
402-DIAMANTE;402-Diamante;;Girolando;30/01/2026;5;07/01/2025;21/04/2026;
402-DIAMANTE;402-Diamante;;Girolando;18/02/2026;7;07/01/2025;21/04/2026;
402-DIAMANTE;402-Diamante;;Girolando;21/03/2026;7;07/01/2025;21/04/2026;
403;403;;Girolando;02/09/2023;24,68;19/07/2025;;
403;403;;Girolando;25/10/2023;25,71;19/07/2025;;
403;403;;Girolando;27/11/2023;22,63;19/07/2025;;
403;403;;Girolando;11/12/2023;22,84;19/07/2025;;
403;403;;Girolando;19/01/2024;27,77;19/07/2025;;
403;403;;Girolando;09/03/2024;28,8;19/07/2025;;
403;403;;Girolando;20/04/2024;36,01;19/07/2025;;
403;403;;Girolando;24/06/2024;32;19/07/2025;;
403;403;;Girolando;20/12/2024;21;19/07/2025;;
403;403;;Girolando;26/12/2024;27,2;19/07/2025;;
403;403;;Girolando;18/01/2025;18;19/07/2025;;
403;403;;Girolando;04/02/2025;21,2;19/07/2025;;
403;403;;Girolando;08/03/2025;8,2;19/07/2025;;
403;403;;Girolando;15/03/2025;11;19/07/2025;;
403;403;;Girolando;20/07/2025;9;19/07/2025;;
403;403;;Girolando;13/08/2025;27;19/07/2025;;
403;403;;Girolando;24/08/2025;33,3;19/07/2025;;
403;403;;Girolando;22/09/2025;47;19/07/2025;;
403;403;;Girolando;02/10/2025;39;19/07/2025;;
403;403;;Girolando;17/10/2025;38;19/07/2025;;
403;403;;Girolando;18/11/2025;31;19/07/2025;;
403;403;;Girolando;24/11/2025;33;19/07/2025;;
403;403;;Girolando;29/11/2025;30;19/07/2025;;
403;403;;Girolando;13/12/2025;31;19/07/2025;;
403;403;;Girolando;21/12/2025;37,5;19/07/2025;;
403;403;;Girolando;29/12/2025;28;19/07/2025;;
403;403;;Girolando;04/01/2026;28;19/07/2025;;
403;403;;Girolando;10/01/2026;26;19/07/2025;;
403;403;;Girolando;16/01/2026;24;19/07/2025;;
403;403;;Girolando;23/01/2026;25;19/07/2025;;
403;403;;Girolando;30/01/2026;26;19/07/2025;;
403;403;;Girolando;18/02/2026;22;19/07/2025;;
403;403;;Girolando;21/03/2026;20;19/07/2025;;
403;403;;Girolando;04/04/2026;17;19/07/2025;;
403;403;;Girolando;17/04/2026;22;19/07/2025;;
403;403;;Girolando;01/05/2026;17;19/07/2025;;
403;403;;Girolando;09/05/2026;21;19/07/2025;;
403;403;;Girolando;18/05/2026;25;19/07/2025;;
403;403;;Girolando;13/06/2026;14;19/07/2025;;
404;404;;Girolando;08/07/2023;13,58;10/05/2026;;
404;404;;Girolando;24/07/2023;19,02;10/05/2026;;
404;404;;Girolando;09/08/2023;19,34;10/05/2026;;
404;404;;Girolando;02/09/2023;16,66;10/05/2026;;
404;404;;Girolando;25/10/2023;16,04;10/05/2026;;
404;404;;Girolando;27/11/2023;12,44;10/05/2026;;
404;404;;Girolando;11/12/2023;12,55;10/05/2026;;
404;404;;Girolando;19/01/2024;13,68;10/05/2026;;
404;404;;Girolando;09/03/2024;16,77;10/05/2026;;
404;404;;Girolando;20/04/2024;11,65;10/05/2026;;
404;404;;Girolando;24/06/2024;11,4;10/05/2026;;
404;404;;Girolando;20/12/2024;27,2;10/05/2026;;
404;404;;Girolando;26/12/2024;36,2;10/05/2026;;
404;404;;Girolando;18/01/2025;26;10/05/2026;;
404;404;;Girolando;04/02/2025;27;10/05/2026;;
404;404;;Girolando;08/03/2025;18,2;10/05/2026;;
404;404;;Girolando;15/03/2025;21,2;10/05/2026;;
404;404;;Girolando;19/04/2025;16;10/05/2026;;
404;404;;Girolando;20/07/2025;11;10/05/2026;;
404;404;;Girolando;13/08/2025;10;10/05/2026;;
404;404;;Girolando;24/08/2025;9;10/05/2026;;
404;404;;Girolando;22/09/2025;8;10/05/2026;;
404;404;;Girolando;02/10/2025;11;10/05/2026;;
404;404;;Girolando;17/10/2025;7,5;10/05/2026;;
404;404;;Girolando;18/05/2026;11;10/05/2026;;
404;404;;Girolando;13/06/2026;14;10/05/2026;;
405;405-Maria;;Girolando;27/11/2023;21,6;23/05/2026;;
405;405-Maria;;Girolando;11/12/2023;21,39;23/05/2026;;
405;405-Maria;;Girolando;19/01/2024;23,65;23/05/2026;;
405;405-Maria;;Girolando;09/03/2024;25,82;23/05/2026;;
405;405-Maria;;Girolando;20/04/2024;23,14;23/05/2026;;
405;405-Maria;;Girolando;24/06/2024;29,5;23/05/2026;;
405;405-Maria;;Girolando;20/12/2024;16,2;23/05/2026;;
405;405-Maria;;Girolando;26/12/2024;17;23/05/2026;;
405;405-Maria;;Girolando;18/01/2025;13;23/05/2026;;
405;405-Maria;;Girolando;08/03/2025;25;23/05/2026;;
405;405-Maria;;Girolando;15/03/2025;31;23/05/2026;;
405;405-Maria;;Girolando;19/04/2025;34;23/05/2026;;
405;405-Maria;;Girolando;20/07/2025;29;23/05/2026;;
405;405-Maria;;Girolando;13/08/2025;21;23/05/2026;;
405;405-Maria;;Girolando;24/08/2025;27;23/05/2026;;
405;405-Maria;;Girolando;22/09/2025;22;23/05/2026;;
405;405-Maria;;Girolando;02/10/2025;20;23/05/2026;;
405;405-Maria;;Girolando;17/10/2025;16;23/05/2026;;
405;405-Maria;;Girolando;18/11/2025;19;23/05/2026;;
405;405-Maria;;Girolando;24/11/2025;14;23/05/2026;;
405;405-Maria;;Girolando;29/11/2025;13;23/05/2026;;
405;405-Maria;;Girolando;13/12/2025;18;23/05/2026;;
405;405-Maria;;Girolando;21/12/2025;21,4;23/05/2026;;
405;405-Maria;;Girolando;29/12/2025;15;23/05/2026;;
405;405-Maria;;Girolando;04/01/2026;17;23/05/2026;;
405;405-Maria;;Girolando;10/01/2026;12;23/05/2026;;
405;405-Maria;;Girolando;16/01/2026;13;23/05/2026;;
405;405-Maria;;Girolando;23/01/2026;10;23/05/2026;;
405;405-Maria;;Girolando;30/01/2026;13;23/05/2026;;
405;405-Maria;;Girolando;18/02/2026;11;23/05/2026;;
405;405-Maria;;Girolando;21/03/2026;9;23/05/2026;;
405;405-Maria;;Girolando;13/06/2026;27;23/05/2026;;
407 VANIA;407 Vania;;Girolando;17/06/2023;12,34;18/06/2024;28/12/2025;
407 VANIA;407 Vania;;Girolando;22/06/2023;20,77;18/06/2024;28/12/2025;
407 VANIA;407 Vania;;Girolando;08/07/2023;21,91;18/06/2024;28/12/2025;
407 VANIA;407 Vania;;Girolando;24/07/2023;20,37;18/06/2024;28/12/2025;
407 VANIA;407 Vania;;Girolando;09/08/2023;26,74;18/06/2024;28/12/2025;
407 VANIA;407 Vania;;Girolando;02/09/2023;26,74;18/06/2024;28/12/2025;
407 VANIA;407 Vania;;Girolando;25/10/2023;24,68;18/06/2024;28/12/2025;
407 VANIA;407 Vania;;Girolando;27/11/2023;19,55;18/06/2024;28/12/2025;
407 VANIA;407 Vania;;Girolando;11/12/2023;19,75;18/06/2024;28/12/2025;
407 VANIA;407 Vania;;Girolando;19/01/2024;20,36;18/06/2024;28/12/2025;
407 VANIA;407 Vania;;Girolando;09/03/2024;20,78;18/06/2024;28/12/2025;
407 VANIA;407 Vania;;Girolando;24/06/2024;22,2;18/06/2024;28/12/2025;
407 VANIA;407 Vania;;Girolando;20/12/2024;29;18/06/2024;28/12/2025;
407 VANIA;407 Vania;;Girolando;26/12/2024;30,3;18/06/2024;28/12/2025;
407 VANIA;407 Vania;;Girolando;18/01/2025;16;18/06/2024;28/12/2025;
407 VANIA;407 Vania;;Girolando;04/02/2025;20,1;18/06/2024;28/12/2025;
407 VANIA;407 Vania;;Girolando;08/03/2025;22;18/06/2024;28/12/2025;
407 VANIA;407 Vania;;Girolando;15/03/2025;24;18/06/2024;28/12/2025;
407 VANIA;407 Vania;;Girolando;19/04/2025;15;18/06/2024;28/12/2025;
407 VANIA;407 Vania;;Girolando;20/07/2025;17;18/06/2024;28/12/2025;
407 VANIA;407 Vania;;Girolando;13/08/2025;9;18/06/2024;28/12/2025;
407 VANIA;407 Vania;;Girolando;24/08/2025;8;18/06/2024;28/12/2025;
407 VANIA;407 Vania;;Girolando;22/09/2025;7;18/06/2024;28/12/2025;
407 VANIA;407 Vania;;Girolando;02/10/2025;6;18/06/2024;28/12/2025;
408 JANDIRA;408 Jandira;;Girolando;17/06/2023;32,92;24/02/2025;28/12/2025;
408 JANDIRA;408 Jandira;;Girolando;22/06/2023;30,04;24/02/2025;28/12/2025;
408 JANDIRA;408 Jandira;;Girolando;08/07/2023;31,06;24/02/2025;28/12/2025;
408 JANDIRA;408 Jandira;;Girolando;24/07/2023;35,19;24/02/2025;28/12/2025;
408 JANDIRA;408 Jandira;;Girolando;09/08/2023;32,92;24/02/2025;28/12/2025;
408 JANDIRA;408 Jandira;;Girolando;02/09/2023;31,17;24/02/2025;28/12/2025;
408 JANDIRA;408 Jandira;;Girolando;25/10/2023;29,83;24/02/2025;28/12/2025;
408 JANDIRA;408 Jandira;;Girolando;27/11/2023;26,03;24/02/2025;28/12/2025;
408 JANDIRA;408 Jandira;;Girolando;11/12/2023;21,8;24/02/2025;28/12/2025;
408 JANDIRA;408 Jandira;;Girolando;19/01/2024;25,52;24/02/2025;28/12/2025;
408 JANDIRA;408 Jandira;;Girolando;09/03/2024;23,66;24/02/2025;28/12/2025;
408 JANDIRA;408 Jandira;;Girolando;20/04/2024;22,94;24/02/2025;28/12/2025;
408 JANDIRA;408 Jandira;;Girolando;24/06/2024;18;24/02/2025;28/12/2025;
408 JANDIRA;408 Jandira;;Girolando;20/12/2024;12,1;24/02/2025;28/12/2025;
408 JANDIRA;408 Jandira;;Girolando;26/12/2024;10,5;24/02/2025;28/12/2025;
408 JANDIRA;408 Jandira;;Girolando;18/01/2025;12;24/02/2025;28/12/2025;
408 JANDIRA;408 Jandira;;Girolando;08/03/2025;14;24/02/2025;28/12/2025;
408 JANDIRA;408 Jandira;;Girolando;15/03/2025;17;24/02/2025;28/12/2025;
408 JANDIRA;408 Jandira;;Girolando;19/04/2025;27;24/02/2025;28/12/2025;
408 JANDIRA;408 Jandira;;Girolando;20/07/2025;23;24/02/2025;28/12/2025;
408 JANDIRA;408 Jandira;;Girolando;13/08/2025;8;24/02/2025;28/12/2025;
409;409;;Girolando;19/01/2024;5,14;17/12/2023;04/12/2025;
409;409;;Girolando;09/03/2024;8,53;17/12/2023;04/12/2025;
409;409;;Girolando;20/04/2024;4,1;17/12/2023;04/12/2025;
410;410;;Girolando;02/09/2023;14,19;23/11/2024;28/12/2025;
410;410;;Girolando;25/10/2023;15,42;23/11/2024;28/12/2025;
410;410;;Girolando;27/11/2023;17,69;23/11/2024;28/12/2025;
410;410;;Girolando;11/12/2023;19,03;23/11/2024;28/12/2025;
410;410;;Girolando;19/01/2024;19,55;23/11/2024;28/12/2025;
410;410;;Girolando;09/03/2024;20,88;23/11/2024;28/12/2025;
410;410;;Girolando;20/04/2024;18,93;23/11/2024;28/12/2025;
410;410;;Girolando;24/06/2024;20,4;23/11/2024;28/12/2025;
410;410;;Girolando;20/12/2024;34,2;23/11/2024;28/12/2025;
410;410;;Girolando;26/12/2024;28,2;23/11/2024;28/12/2025;
410;410;;Girolando;18/01/2025;32;23/11/2024;28/12/2025;
410;410;;Girolando;04/02/2025;39;23/11/2024;28/12/2025;
410;410;;Girolando;08/03/2025;39;23/11/2024;28/12/2025;
410;410;;Girolando;15/03/2025;33;23/11/2024;28/12/2025;
410;410;;Girolando;19/04/2025;30;23/11/2024;28/12/2025;
410;410;;Girolando;20/07/2025;28;23/11/2024;28/12/2025;
410;410;;Girolando;13/08/2025;21;23/11/2024;28/12/2025;
410;410;;Girolando;24/08/2025;21;23/11/2024;28/12/2025;
410;410;;Girolando;22/09/2025;22;23/11/2024;28/12/2025;
410;410;;Girolando;02/10/2025;20;23/11/2024;28/12/2025;
410;410;;Girolando;17/10/2025;16;23/11/2024;28/12/2025;
410;410;;Girolando;18/11/2025;17;23/11/2024;28/12/2025;
410;410;;Girolando;24/11/2025;17;23/11/2024;28/12/2025;
410;410;;Girolando;29/11/2025;16;23/11/2024;28/12/2025;
410;410;;Girolando;13/12/2025;19;23/11/2024;28/12/2025;
410;410;;Girolando;21/12/2025;17;23/11/2024;28/12/2025;
411;411;;Girolando;19/01/2024;15,43;19/04/2025;12/01/2026;
411;411;;Girolando;09/03/2024;21,6;19/04/2025;12/01/2026;
411;411;;Girolando;20/04/2024;18,52;19/04/2025;12/01/2026;
411;411;;Girolando;24/06/2024;16,2;19/04/2025;12/01/2026;
411;411;;Girolando;20/12/2024;20,2;19/04/2025;12/01/2026;
411;411;;Girolando;26/12/2024;24;19/04/2025;12/01/2026;
411;411;;Girolando;18/01/2025;15,2;19/04/2025;12/01/2026;
411;411;;Girolando;04/02/2025;16;19/04/2025;12/01/2026;
411;411;;Girolando;08/03/2025;8,2;19/04/2025;12/01/2026;
411;411;;Girolando;20/07/2025;30;19/04/2025;12/01/2026;
411;411;;Girolando;13/08/2025;28;19/04/2025;12/01/2026;
411;411;;Girolando;24/08/2025;28;19/04/2025;12/01/2026;
411;411;;Girolando;22/09/2025;25;19/04/2025;12/01/2026;
411;411;;Girolando;02/10/2025;25;19/04/2025;12/01/2026;
411;411;;Girolando;17/10/2025;19;19/04/2025;12/01/2026;
411;411;;Girolando;18/11/2025;15;19/04/2025;12/01/2026;
411;411;;Girolando;24/11/2025;17;19/04/2025;12/01/2026;
411;411;;Girolando;29/11/2025;18;19/04/2025;12/01/2026;
411;411;;Girolando;13/12/2025;20;19/04/2025;12/01/2026;
411;411;;Girolando;21/12/2025;19;19/04/2025;12/01/2026;
411;411;;Girolando;29/12/2025;23;19/04/2025;12/01/2026;
411;411;;Girolando;04/01/2026;16;19/04/2025;12/01/2026;
413;413;;Girolando;25/10/2023;15,63;05/01/2025;12/01/2026;
413;413;;Girolando;27/11/2023;18,52;05/01/2025;12/01/2026;
413;413;;Girolando;11/12/2023;16,04;05/01/2025;12/01/2026;
413;413;;Girolando;19/01/2024;16,77;05/01/2025;12/01/2026;
413;413;;Girolando;09/03/2024;20,58;05/01/2025;12/01/2026;
413;413;;Girolando;20/04/2024;15,63;05/01/2025;12/01/2026;
413;413;;Girolando;24/06/2024;20,3;05/01/2025;12/01/2026;
413;413;;Girolando;18/01/2025;18;05/01/2025;12/01/2026;
413;413;;Girolando;04/02/2025;20;05/01/2025;12/01/2026;
413;413;;Girolando;08/03/2025;22;05/01/2025;12/01/2026;
413;413;;Girolando;15/03/2025;19;05/01/2025;12/01/2026;
413;413;;Girolando;19/04/2025;25;05/01/2025;12/01/2026;
413;413;;Girolando;20/07/2025;19;05/01/2025;12/01/2026;
413;413;;Girolando;13/08/2025;16;05/01/2025;12/01/2026;
413;413;;Girolando;24/08/2025;20;05/01/2025;12/01/2026;
413;413;;Girolando;22/09/2025;21;05/01/2025;12/01/2026;
413;413;;Girolando;02/10/2025;19;05/01/2025;12/01/2026;
413;413;;Girolando;17/10/2025;21;05/01/2025;12/01/2026;
413;413;;Girolando;18/11/2025;15;05/01/2025;12/01/2026;
413;413;;Girolando;24/11/2025;17;05/01/2025;12/01/2026;
413;413;;Girolando;29/11/2025;15;05/01/2025;12/01/2026;
413;413;;Girolando;13/12/2025;16;05/01/2025;12/01/2026;
413;413;;Girolando;21/12/2025;17;05/01/2025;12/01/2026;
413;413;;Girolando;29/12/2025;10;05/01/2025;12/01/2026;
413;413;;Girolando;04/01/2026;13;05/01/2025;12/01/2026;
414;414;;Girolando;24/07/2023;12,55;01/10/2025;;
414;414;;Girolando;09/08/2023;21,6;01/10/2025;;
414;414;;Girolando;02/09/2023;13,78;01/10/2025;;
414;414;;Girolando;25/10/2023;15,43;01/10/2025;;
414;414;;Girolando;27/11/2023;13,58;01/10/2025;;
414;414;;Girolando;11/12/2023;12,55;01/10/2025;;
414;414;;Girolando;19/01/2024;15,84;01/10/2025;;
414;414;;Girolando;09/03/2024;15,43;01/10/2025;;
414;414;;Girolando;20/04/2024;13,06;01/10/2025;;
414;414;;Girolando;24/06/2024;10,3;01/10/2025;;
414;414;;Girolando;20/12/2024;30;01/10/2025;;
414;414;;Girolando;26/12/2024;29;01/10/2025;;
414;414;;Girolando;18/01/2025;24,1;01/10/2025;;
414;414;;Girolando;04/02/2025;29;01/10/2025;;
414;414;;Girolando;08/03/2025;23;01/10/2025;;
414;414;;Girolando;15/03/2025;30,3;01/10/2025;;
414;414;;Girolando;19/04/2025;17;01/10/2025;;
414;414;;Girolando;20/07/2025;7;01/10/2025;;
414;414;;Girolando;17/10/2025;14;01/10/2025;;
414;414;;Girolando;18/11/2025;21;01/10/2025;;
414;414;;Girolando;24/11/2025;19;01/10/2025;;
414;414;;Girolando;29/11/2025;20,1;01/10/2025;;
414;414;;Girolando;13/12/2025;20;01/10/2025;;
414;414;;Girolando;21/12/2025;15;01/10/2025;;
414;414;;Girolando;29/12/2025;17;01/10/2025;;
414;414;;Girolando;04/01/2026;13;01/10/2025;;
414;414;;Girolando;10/01/2026;17;01/10/2025;;
414;414;;Girolando;16/01/2026;11;01/10/2025;;
414;414;;Girolando;23/01/2026;13;01/10/2025;;
414;414;;Girolando;30/01/2026;16;01/10/2025;;
414;414;;Girolando;18/02/2026;17;01/10/2025;;
414;414;;Girolando;21/03/2026;15;01/10/2025;;
414;414;;Girolando;04/04/2026;14;01/10/2025;;
414;414;;Girolando;17/04/2026;15;01/10/2025;;
414;414;;Girolando;01/05/2026;12;01/10/2025;;
414;414;;Girolando;09/05/2026;20;01/10/2025;;
414;414;;Girolando;18/05/2026;14;01/10/2025;;
414;414;;Girolando;13/06/2026;15;01/10/2025;;
415 BABALU;415 Babalu;;Girolando;17/06/2023;13,17;08/04/2025;04/12/2025;
415 BABALU;415 Babalu;;Girolando;22/06/2023;14,39;08/04/2025;04/12/2025;
415 BABALU;415 Babalu;;Girolando;08/07/2023;15,84;08/04/2025;04/12/2025;
415 BABALU;415 Babalu;;Girolando;24/07/2023;18;08/04/2025;04/12/2025;
415 BABALU;415 Babalu;;Girolando;09/08/2023;17,9;08/04/2025;04/12/2025;
415 BABALU;415 Babalu;;Girolando;02/09/2023;15,63;08/04/2025;04/12/2025;
415 BABALU;415 Babalu;;Girolando;25/10/2023;15,43;08/04/2025;04/12/2025;
415 BABALU;415 Babalu;;Girolando;27/11/2023;13,57;08/04/2025;04/12/2025;
415 BABALU;415 Babalu;;Girolando;11/12/2023;14,4;08/04/2025;04/12/2025;
415 BABALU;415 Babalu;;Girolando;19/01/2024;17,49;08/04/2025;04/12/2025;
415 BABALU;415 Babalu;;Girolando;24/06/2024;18,2;08/04/2025;04/12/2025;
415 BABALU;415 Babalu;;Girolando;20/12/2024;6;08/04/2025;04/12/2025;
415 BABALU;415 Babalu;;Girolando;26/12/2024;10,2;08/04/2025;04/12/2025;
415 BABALU;415 Babalu;;Girolando;18/01/2025;8,2;08/04/2025;04/12/2025;
415 BABALU;415 Babalu;;Girolando;04/02/2025;8;08/04/2025;04/12/2025;
415 BABALU;415 Babalu;;Girolando;19/04/2025;18,2;08/04/2025;04/12/2025;
415 BABALU;415 Babalu;;Girolando;13/08/2025;8;08/04/2025;04/12/2025;
415 BABALU;415 Babalu;;Girolando;24/08/2025;6;08/04/2025;04/12/2025;
416;416;;Girolando;02/09/2023;4,83;04/08/2023;04/12/2025;
416;416;;Girolando;25/10/2023;16,04;04/08/2023;04/12/2025;
416;416;;Girolando;27/11/2023;9,46;04/08/2023;04/12/2025;
416;416;;Girolando;11/12/2023;9,46;04/08/2023;04/12/2025;
417;417;;Girolando;27/11/2023;22,93;18/04/2025;28/12/2025;
417;417;;Girolando;11/12/2023;37,66;18/04/2025;28/12/2025;
417;417;;Girolando;19/01/2024;31,89;18/04/2025;28/12/2025;
417;417;;Girolando;09/03/2024;31,89;18/04/2025;28/12/2025;
417;417;;Girolando;20/04/2024;31,89;18/04/2025;28/12/2025;
417;417;;Girolando;24/06/2024;21,5;18/04/2025;28/12/2025;
417;417;;Girolando;20/12/2024;24,1;18/04/2025;28/12/2025;
417;417;;Girolando;26/12/2024;31,2;18/04/2025;28/12/2025;
417;417;;Girolando;18/01/2025;26,2;18/04/2025;28/12/2025;
417;417;;Girolando;04/02/2025;23;18/04/2025;28/12/2025;
417;417;;Girolando;08/03/2025;20;18/04/2025;28/12/2025;
417;417;;Girolando;15/03/2025;15;18/04/2025;28/12/2025;
418;418;;Girolando;27/11/2023;18,83;30/11/2025;28/12/2025;
418;418;;Girolando;11/12/2023;26,13;30/11/2025;28/12/2025;
418;418;;Girolando;19/01/2024;24,68;30/11/2025;28/12/2025;
418;418;;Girolando;09/03/2024;19,65;30/11/2025;28/12/2025;
418;418;;Girolando;20/04/2024;23,86;30/11/2025;28/12/2025;
418;418;;Girolando;24/06/2024;15,5;30/11/2025;28/12/2025;
418;418;;Girolando;20/12/2024;33,6;30/11/2025;28/12/2025;
418;418;;Girolando;26/12/2024;30;30/11/2025;28/12/2025;
418;418;;Girolando;18/01/2025;32,2;30/11/2025;28/12/2025;
418;418;;Girolando;04/02/2025;27,4;30/11/2025;28/12/2025;
418;418;;Girolando;08/03/2025;16;30/11/2025;28/12/2025;
418;418;;Girolando;15/03/2025;11;30/11/2025;28/12/2025;
418;418;;Girolando;19/04/2025;9;30/11/2025;28/12/2025;
419;419;;Girolando;25/10/2023;17,69;06/10/2023;04/12/2025;
419;419;;Girolando;27/11/2023;11,52;06/10/2023;04/12/2025;
419;419;;Girolando;11/12/2023;12,55;06/10/2023;04/12/2025;
420;420-Crianca;;Girolando;09/03/2024;23,24;26/03/2025;20/05/2026;
420;420-Crianca;;Girolando;20/04/2024;28,8;26/03/2025;20/05/2026;
420;420-Crianca;;Girolando;24/06/2024;26;26/03/2025;20/05/2026;
420;420-Crianca;;Girolando;20/12/2024;21,2;26/03/2025;20/05/2026;
420;420-Crianca;;Girolando;26/12/2024;22,2;26/03/2025;20/05/2026;
420;420-Crianca;;Girolando;18/01/2025;18;26/03/2025;20/05/2026;
420;420-Crianca;;Girolando;19/04/2025;22,4;26/03/2025;20/05/2026;
420;420-Crianca;;Girolando;20/07/2025;25;26/03/2025;20/05/2026;
420;420-Crianca;;Girolando;13/08/2025;16;26/03/2025;20/05/2026;
420;420-Crianca;;Girolando;24/08/2025;18;26/03/2025;20/05/2026;
420;420-Crianca;;Girolando;22/09/2025;14;26/03/2025;20/05/2026;
420;420-Crianca;;Girolando;02/10/2025;12;26/03/2025;20/05/2026;
420;420-Crianca;;Girolando;17/10/2025;10;26/03/2025;20/05/2026;
420;420-Crianca;;Girolando;18/11/2025;10;26/03/2025;20/05/2026;
420;420-Crianca;;Girolando;24/11/2025;10;26/03/2025;20/05/2026;
420;420-Crianca;;Girolando;29/11/2025;13;26/03/2025;20/05/2026;
421 BORDADA;421 Bordada;;Girolando;25/10/2023;31,89;19/03/2025;28/12/2025;
421 BORDADA;421 Bordada;;Girolando;27/11/2023;27,05;19/03/2025;28/12/2025;
421 BORDADA;421 Bordada;;Girolando;11/12/2023;22,21;19/03/2025;28/12/2025;
421 BORDADA;421 Bordada;;Girolando;19/01/2024;24,68;19/03/2025;28/12/2025;
421 BORDADA;421 Bordada;;Girolando;09/03/2024;19,75;19/03/2025;28/12/2025;
421 BORDADA;421 Bordada;;Girolando;20/04/2024;19,75;19/03/2025;28/12/2025;
421 BORDADA;421 Bordada;;Girolando;24/06/2024;15,3;19/03/2025;28/12/2025;
421 BORDADA;421 Bordada;;Girolando;20/12/2024;11;19/03/2025;28/12/2025;
421 BORDADA;421 Bordada;;Girolando;26/12/2024;15,2;19/03/2025;28/12/2025;
421 BORDADA;421 Bordada;;Girolando;18/01/2025;9;19/03/2025;28/12/2025;
421 BORDADA;421 Bordada;;Girolando;19/04/2025;28;19/03/2025;28/12/2025;
421 BORDADA;421 Bordada;;Girolando;20/07/2025;22;19/03/2025;28/12/2025;
421 BORDADA;421 Bordada;;Girolando;13/08/2025;15;19/03/2025;28/12/2025;
421 BORDADA;421 Bordada;;Girolando;24/08/2025;18;19/03/2025;28/12/2025;
421 BORDADA;421 Bordada;;Girolando;22/09/2025;14;19/03/2025;28/12/2025;
421 BORDADA;421 Bordada;;Girolando;02/10/2025;12;19/03/2025;28/12/2025;
421 BORDADA;421 Bordada;;Girolando;17/10/2025;11;19/03/2025;28/12/2025;
421 BORDADA;421 Bordada;;Girolando;18/11/2025;4;19/03/2025;28/12/2025;
421 BORDADA;421 Bordada;;Girolando;24/11/2025;4;19/03/2025;28/12/2025;
422;422-Dengosa;;Jersey;20/07/2025;31;17/04/2025;;
422;422-Dengosa;;Jersey;13/08/2025;31;17/04/2025;;
422;422-Dengosa;;Jersey;24/08/2025;31;17/04/2025;;
422;422-Dengosa;;Jersey;22/09/2025;34;17/04/2025;;
422;422-Dengosa;;Jersey;02/10/2025;27;17/04/2025;;
422;422-Dengosa;;Jersey;17/10/2025;22;17/04/2025;;
422;422-Dengosa;;Jersey;18/11/2025;22;17/04/2025;;
422;422-Dengosa;;Jersey;24/11/2025;22;17/04/2025;;
422;422-Dengosa;;Jersey;29/11/2025;21;17/04/2025;;
422;422-Dengosa;;Jersey;13/12/2025;21,5;17/04/2025;;
422;422-Dengosa;;Jersey;21/12/2025;21;17/04/2025;;
422;422-Dengosa;;Jersey;29/12/2025;18,5;17/04/2025;;
422;422-Dengosa;;Jersey;04/01/2026;19;17/04/2025;;
422;422-Dengosa;;Jersey;10/01/2026;16;17/04/2025;;
422;422-Dengosa;;Jersey;16/01/2026;14;17/04/2025;;
422;422-Dengosa;;Jersey;23/01/2026;15;17/04/2025;;
422;422-Dengosa;;Jersey;30/01/2026;16;17/04/2025;;
422;422-Dengosa;;Jersey;18/02/2026;14;17/04/2025;;
422;422-Dengosa;;Jersey;21/03/2026;10;17/04/2025;;
425 BALEIA;425 Baleia;;Girolando;19/01/2024;28,19;18/12/2023;04/12/2025;
426 DILOM;426 Dilom;;Holandês;20/07/2025;5;19/05/2025;04/12/2025;
426 DILOM;426 Dilom;;Holandês;13/08/2025;8;19/05/2025;04/12/2025;
427;427-Princesa;;Girolando;20/12/2024;30;05/10/2025;;
427;427-Princesa;;Girolando;26/12/2024;28,3;05/10/2025;;
427;427-Princesa;;Girolando;18/01/2025;31,3;05/10/2025;;
427;427-Princesa;;Girolando;04/02/2025;31;05/10/2025;;
427;427-Princesa;;Girolando;08/03/2025;25,2;05/10/2025;;
427;427-Princesa;;Girolando;19/04/2025;26;05/10/2025;;
427;427-Princesa;;Girolando;17/10/2025;15;05/10/2025;;
427;427-Princesa;;Girolando;18/11/2025;21;05/10/2025;;
427;427-Princesa;;Girolando;24/11/2025;22;05/10/2025;;
427;427-Princesa;;Girolando;29/11/2025;22;05/10/2025;;
427;427-Princesa;;Girolando;13/12/2025;19;05/10/2025;;
427;427-Princesa;;Girolando;21/12/2025;20;05/10/2025;;
427;427-Princesa;;Girolando;29/12/2025;20;05/10/2025;;
427;427-Princesa;;Girolando;04/01/2026;20;05/10/2025;;
427;427-Princesa;;Girolando;10/01/2026;23;05/10/2025;;
427;427-Princesa;;Girolando;16/01/2026;18;05/10/2025;;
427;427-Princesa;;Girolando;23/01/2026;17;05/10/2025;;
427;427-Princesa;;Girolando;30/01/2026;17;05/10/2025;;
427;427-Princesa;;Girolando;18/02/2026;16;05/10/2025;;
427;427-Princesa;;Girolando;21/03/2026;22;05/10/2025;;
427;427-Princesa;;Girolando;04/04/2026;16;05/10/2025;;
427;427-Princesa;;Girolando;17/04/2026;13;05/10/2025;;
427;427-Princesa;;Girolando;01/05/2026;11;05/10/2025;;
427;427-Princesa;;Girolando;09/05/2026;21;05/10/2025;;
427;427-Princesa;;Girolando;18/05/2026;24;05/10/2025;;
427;427-Princesa;;Girolando;13/06/2026;21;05/10/2025;;
428;428 (189);428 (189);Girolando;13/12/2025;25;16/09/2025;;
428;428 (189);428 (189);Girolando;21/12/2025;25;16/09/2025;;
428;428 (189);428 (189);Girolando;29/12/2025;23;16/09/2025;;
428;428 (189);428 (189);Girolando;04/01/2026;21;16/09/2025;;
428;428 (189);428 (189);Girolando;10/01/2026;24;16/09/2025;;
428;428 (189);428 (189);Girolando;16/01/2026;24;16/09/2025;;
428;428 (189);428 (189);Girolando;23/01/2026;20;16/09/2025;;
428;428 (189);428 (189);Girolando;30/01/2026;24;16/09/2025;;
428;428 (189);428 (189);Girolando;18/02/2026;24;16/09/2025;;
428;428 (189);428 (189);Girolando;21/03/2026;26;16/09/2025;;
428;428 (189);428 (189);Girolando;04/04/2026;23;16/09/2025;;
428;428 (189);428 (189);Girolando;17/04/2026;27;16/09/2025;;
428;428 (189);428 (189);Girolando;01/05/2026;24;16/09/2025;;
428;428 (189);428 (189);Girolando;09/05/2026;29;16/09/2025;;
428;428 (189);428 (189);Girolando;18/05/2026;31;16/09/2025;;
428;428 (189);428 (189);Girolando;13/06/2026;27;16/09/2025;;
429;429 (194);429 (194);Girolando;13/12/2025;31;16/09/2025;;
429;429 (194);429 (194);Girolando;21/12/2025;30,5;16/09/2025;;
429;429 (194);429 (194);Girolando;29/12/2025;28;16/09/2025;;
429;429 (194);429 (194);Girolando;04/01/2026;29;16/09/2025;;
429;429 (194);429 (194);Girolando;10/01/2026;27;16/09/2025;;
429;429 (194);429 (194);Girolando;16/01/2026;27;16/09/2025;;
429;429 (194);429 (194);Girolando;23/01/2026;30;16/09/2025;;
429;429 (194);429 (194);Girolando;30/01/2026;30;16/09/2025;;
429;429 (194);429 (194);Girolando;18/02/2026;31;16/09/2025;;
429;429 (194);429 (194);Girolando;21/03/2026;35;16/09/2025;;
429;429 (194);429 (194);Girolando;04/04/2026;29;16/09/2025;;
429;429 (194);429 (194);Girolando;17/04/2026;25;16/09/2025;;
429;429 (194);429 (194);Girolando;01/05/2026;28;16/09/2025;;
429;429 (194);429 (194);Girolando;09/05/2026;32;16/09/2025;;
429;429 (194);429 (194);Girolando;18/05/2026;30;16/09/2025;;
429;429 (194);429 (194);Girolando;13/06/2026;19;16/09/2025;;
430;430 (195);430 (195);Girolando;13/12/2025;23;24/09/2025;;
430;430 (195);430 (195);Girolando;21/12/2025;24;24/09/2025;;
430;430 (195);430 (195);Girolando;29/12/2025;25,4;24/09/2025;;
430;430 (195);430 (195);Girolando;04/01/2026;25;24/09/2025;;
430;430 (195);430 (195);Girolando;10/01/2026;21;24/09/2025;;
430;430 (195);430 (195);Girolando;16/01/2026;19;24/09/2025;;
430;430 (195);430 (195);Girolando;23/01/2026;24;24/09/2025;;
430;430 (195);430 (195);Girolando;30/01/2026;23;24/09/2025;;
430;430 (195);430 (195);Girolando;18/02/2026;22;24/09/2025;;
430;430 (195);430 (195);Girolando;21/03/2026;25;24/09/2025;;
430;430 (195);430 (195);Girolando;04/04/2026;15;24/09/2025;;
430;430 (195);430 (195);Girolando;17/04/2026;20;24/09/2025;;
430;430 (195);430 (195);Girolando;01/05/2026;18;24/09/2025;;
430;430 (195);430 (195);Girolando;09/05/2026;22;24/09/2025;;
430;430 (195);430 (195);Girolando;18/05/2026;24;24/09/2025;;
430;430 (195);430 (195);Girolando;13/06/2026;27;24/09/2025;;
431;431 (117);431 (117);Holandês;13/12/2025;26;08/06/2026;;
431;431 (117);431 (117);Holandês;21/12/2025;27,5;08/06/2026;;
431;431 (117);431 (117);Holandês;29/12/2025;23;08/06/2026;;
431;431 (117);431 (117);Holandês;04/01/2026;11;08/06/2026;;
431;431 (117);431 (117);Holandês;10/01/2026;21;08/06/2026;;
431;431 (117);431 (117);Holandês;16/01/2026;16;08/06/2026;;
431;431 (117);431 (117);Holandês;23/01/2026;20;08/06/2026;;
431;431 (117);431 (117);Holandês;30/01/2026;20;08/06/2026;;
431;431 (117);431 (117);Holandês;18/02/2026;22;08/06/2026;;
431;431 (117);431 (117);Holandês;21/03/2026;20;08/06/2026;;
431;431 (117);431 (117);Holandês;04/04/2026;19;08/06/2026;;
431;431 (117);431 (117);Holandês;17/04/2026;19;08/06/2026;;
431;431 (117);431 (117);Holandês;01/05/2026;20;08/06/2026;;
431;431 (117);431 (117);Holandês;09/05/2026;20;08/06/2026;;
431;431 (117);431 (117);Holandês;18/05/2026;16;08/06/2026;;
432;432 (183);432 (183);Holandês;13/12/2025;26;09/08/2025;;
432;432 (183);432 (183);Holandês;21/12/2025;23,5;09/08/2025;;
432;432 (183);432 (183);Holandês;29/12/2025;23;09/08/2025;;
432;432 (183);432 (183);Holandês;04/01/2026;22;09/08/2025;;
432;432 (183);432 (183);Holandês;10/01/2026;24;09/08/2025;;
432;432 (183);432 (183);Holandês;16/01/2026;20;09/08/2025;;
432;432 (183);432 (183);Holandês;23/01/2026;24;09/08/2025;;
432;432 (183);432 (183);Holandês;30/01/2026;23;09/08/2025;;
432;432 (183);432 (183);Holandês;18/02/2026;23;09/08/2025;;
432;432 (183);432 (183);Holandês;21/03/2026;27;09/08/2025;;
432;432 (183);432 (183);Holandês;04/04/2026;23;09/08/2025;;
432;432 (183);432 (183);Holandês;17/04/2026;21;09/08/2025;;
432;432 (183);432 (183);Holandês;01/05/2026;20;09/08/2025;;
432;432 (183);432 (183);Holandês;09/05/2026;24;09/08/2025;;
432;432 (183);432 (183);Holandês;18/05/2026;26;09/08/2025;;
432;432 (183);432 (183);Holandês;13/06/2026;21;09/08/2025;;
433;433 (160);433 (160);Holandês;13/12/2025;31;20/08/2025;;
433;433 (160);433 (160);Holandês;21/12/2025;31,5;20/08/2025;;
433;433 (160);433 (160);Holandês;29/12/2025;29,4;20/08/2025;;
433;433 (160);433 (160);Holandês;04/01/2026;30;20/08/2025;;
433;433 (160);433 (160);Holandês;10/01/2026;28;20/08/2025;;
433;433 (160);433 (160);Holandês;16/01/2026;29;20/08/2025;;
433;433 (160);433 (160);Holandês;23/01/2026;26;20/08/2025;;
433;433 (160);433 (160);Holandês;30/01/2026;29;20/08/2025;;
433;433 (160);433 (160);Holandês;18/02/2026;29;20/08/2025;;
433;433 (160);433 (160);Holandês;21/03/2026;27;20/08/2025;;
433;433 (160);433 (160);Holandês;04/04/2026;27;20/08/2025;;
433;433 (160);433 (160);Holandês;17/04/2026;27;20/08/2025;;
433;433 (160);433 (160);Holandês;01/05/2026;27;20/08/2025;;
433;433 (160);433 (160);Holandês;09/05/2026;32;20/08/2025;;
433;433 (160);433 (160);Holandês;18/05/2026;32;20/08/2025;;
433;433 (160);433 (160);Holandês;13/06/2026;28;20/08/2025;;
434;434 (173);434 (173);Holandês;13/12/2025;21;26/02/2026;;
434;434 (173);434 (173);Holandês;21/12/2025;22;26/02/2026;;
434;434 (173);434 (173);Holandês;29/12/2025;21;26/02/2026;;
434;434 (173);434 (173);Holandês;04/01/2026;24;26/02/2026;;
434;434 (173);434 (173);Holandês;10/01/2026;23;26/02/2026;;
434;434 (173);434 (173);Holandês;16/01/2026;18;26/02/2026;;
434;434 (173);434 (173);Holandês;23/01/2026;19;26/02/2026;;
434;434 (173);434 (173);Holandês;30/01/2026;21;26/02/2026;;
434;434 (173);434 (173);Holandês;18/02/2026;19;26/02/2026;;
434;434 (173);434 (173);Holandês;21/03/2026;14;26/02/2026;;
434;434 (173);434 (173);Holandês;04/04/2026;17;26/02/2026;;
434;434 (173);434 (173);Holandês;17/04/2026;19;26/02/2026;;
434;434 (173);434 (173);Holandês;01/05/2026;18;26/02/2026;;
434;434 (173);434 (173);Holandês;09/05/2026;18;26/02/2026;;
434;434 (173);434 (173);Holandês;18/05/2026;14;26/02/2026;;
434;434 (173);434 (173);Holandês;13/06/2026;16;26/02/2026;;
435;435 (181);435 (181);Holandês;13/12/2025;23;10/08/2025;;
435;435 (181);435 (181);Holandês;21/12/2025;24;10/08/2025;;
435;435 (181);435 (181);Holandês;29/12/2025;23;10/08/2025;;
435;435 (181);435 (181);Holandês;04/01/2026;21;10/08/2025;;
435;435 (181);435 (181);Holandês;10/01/2026;25;10/08/2025;;
435;435 (181);435 (181);Holandês;16/01/2026;20;10/08/2025;;
435;435 (181);435 (181);Holandês;23/01/2026;23;10/08/2025;;
435;435 (181);435 (181);Holandês;30/01/2026;23;10/08/2025;;
435;435 (181);435 (181);Holandês;18/02/2026;25;10/08/2025;;
435;435 (181);435 (181);Holandês;21/03/2026;20;10/08/2025;;
435;435 (181);435 (181);Holandês;04/04/2026;12;10/08/2025;;
435;435 (181);435 (181);Holandês;17/04/2026;17;10/08/2025;;
435;435 (181);435 (181);Holandês;01/05/2026;19;10/08/2025;;
435;435 (181);435 (181);Holandês;09/05/2026;25;10/08/2025;;
435;435 (181);435 (181);Holandês;18/05/2026;24;10/08/2025;;
435;435 (181);435 (181);Holandês;13/06/2026;24;10/08/2025;;
436;436 (194);436 (194);Holandês;13/12/2025;27,5;27/05/2025;;
436;436 (194);436 (194);Holandês;21/12/2025;23;27/05/2025;;
436;436 (194);436 (194);Holandês;29/12/2025;27,4;27/05/2025;;
436;436 (194);436 (194);Holandês;04/01/2026;27;27/05/2025;;
436;436 (194);436 (194);Holandês;10/01/2026;23;27/05/2025;;
436;436 (194);436 (194);Holandês;16/01/2026;24;27/05/2025;;
436;436 (194);436 (194);Holandês;23/01/2026;24;27/05/2025;;
436;436 (194);436 (194);Holandês;30/01/2026;23;27/05/2025;;
436;436 (194);436 (194);Holandês;18/02/2026;27;27/05/2025;;
436;436 (194);436 (194);Holandês;21/03/2026;25;27/05/2025;;
436;436 (194);436 (194);Holandês;04/04/2026;25;27/05/2025;;
436;436 (194);436 (194);Holandês;17/04/2026;24;27/05/2025;;
436;436 (194);436 (194);Holandês;01/05/2026;24;27/05/2025;;
436;436 (194);436 (194);Holandês;09/05/2026;27;27/05/2025;;
436;436 (194);436 (194);Holandês;18/05/2026;25;27/05/2025;;
436;436 (194);436 (194);Holandês;13/06/2026;27;27/05/2025;;
437;437 (149);437 (149);Holandês;13/12/2025;23;20/05/2026;;
437;437 (149);437 (149);Holandês;21/12/2025;25;20/05/2026;;
437;437 (149);437 (149);Holandês;29/12/2025;19;20/05/2026;;
437;437 (149);437 (149);Holandês;04/01/2026;25;20/05/2026;;
437;437 (149);437 (149);Holandês;10/01/2026;24;20/05/2026;;
437;437 (149);437 (149);Holandês;16/01/2026;19;20/05/2026;;
437;437 (149);437 (149);Holandês;23/01/2026;21;20/05/2026;;
437;437 (149);437 (149);Holandês;30/01/2026;21;20/05/2026;;
437;437 (149);437 (149);Holandês;18/02/2026;21;20/05/2026;;
437;437 (149);437 (149);Holandês;21/03/2026;19;20/05/2026;;
437;437 (149);437 (149);Holandês;13/06/2026;35;20/05/2026;;
457-A;457-A;457-A;Holandês;20/12/2024;24;13/07/2024;04/12/2025;
457-A;457-A;457-A;Holandês;26/12/2024;25;13/07/2024;04/12/2025;
457-A;457-A;457-A;Holandês;18/01/2025;25;13/07/2024;04/12/2025;
457-A;457-A;457-A;Holandês;04/02/2025;30;13/07/2024;04/12/2025;
457-A;457-A;457-A;Holandês;08/03/2025;20;13/07/2024;04/12/2025;
457-A;457-A;457-A;Holandês;15/03/2025;21;13/07/2024;04/12/2025;
457-A;457-A;457-A;Holandês;19/04/2025;21,2;13/07/2024;04/12/2025;
457-A;457-A;457-A;Holandês;20/07/2025;15;13/07/2024;04/12/2025;
457-A;457-A;457-A;Holandês;13/08/2025;5;13/07/2024;04/12/2025;
457-A;457-A;457-A;Holandês;24/08/2025;3;13/07/2024;04/12/2025;
472;472;472-A;Holandês;20/12/2024;36,4;28/11/2025;04/06/2026;
472;472;472-A;Holandês;26/12/2024;30;28/11/2025;04/06/2026;
472;472;472-A;Holandês;18/01/2025;37;28/11/2025;04/06/2026;
472;472;472-A;Holandês;04/02/2025;30;28/11/2025;04/06/2026;
472;472;472-A;Holandês;08/03/2025;27;28/11/2025;04/06/2026;
472;472;472-A;Holandês;15/03/2025;33;28/11/2025;04/06/2026;
472;472;472-A;Holandês;19/04/2025;31;28/11/2025;04/06/2026;
472;472;472-A;Holandês;20/07/2025;23;28/11/2025;04/06/2026;
472;472;472-A;Holandês;13/08/2025;13,3;28/11/2025;04/06/2026;
472;472;472-A;Holandês;24/08/2025;11;28/11/2025;04/06/2026;
472;472;472-A;Holandês;22/09/2025;9;28/11/2025;04/06/2026;
472;472;472-A;Holandês;29/11/2025;23;28/11/2025;04/06/2026;
472;472;472-A;Holandês;13/12/2025;20;28/11/2025;04/06/2026;
472;472;472-A;Holandês;21/12/2025;25;28/11/2025;04/06/2026;
472;472;472-A;Holandês;29/12/2025;29;28/11/2025;04/06/2026;
472;472;472-A;Holandês;04/01/2026;29;28/11/2025;04/06/2026;
472;472;472-A;Holandês;10/01/2026;29;28/11/2025;04/06/2026;
472;472;472-A;Holandês;16/01/2026;29;28/11/2025;04/06/2026;
472;472;472-A;Holandês;23/01/2026;26;28/11/2025;04/06/2026;
472;472;472-A;Holandês;30/01/2026;28;28/11/2025;04/06/2026;
472;472;472-A;Holandês;18/02/2026;31;28/11/2025;04/06/2026;
472;472;472-A;Holandês;21/03/2026;26;28/11/2025;04/06/2026;
472;472;472-A;Holandês;04/04/2026;24;28/11/2025;04/06/2026;
472;472;472-A;Holandês;17/04/2026;23;28/11/2025;04/06/2026;
472;472;472-A;Holandês;01/05/2026;20;28/11/2025;04/06/2026;
472;472;472-A;Holandês;09/05/2026;25;28/11/2025;04/06/2026;
472;472;472-A;Holandês;18/05/2026;27;28/11/2025;04/06/2026;
50-A;50-A;50-A;Holandês;20/12/2024;25;23/08/2024;04/12/2025;
50-A;50-A;50-A;Holandês;26/12/2024;25,2;23/08/2024;04/12/2025;
50-A;50-A;50-A;Holandês;18/01/2025;31,3;23/08/2024;04/12/2025;
50-A;50-A;50-A;Holandês;04/02/2025;26;23/08/2024;04/12/2025;
50-A;50-A;50-A;Holandês;08/03/2025;28,4;23/08/2024;04/12/2025;
50-A;50-A;50-A;Holandês;15/03/2025;26;23/08/2024;04/12/2025;
50-A;50-A;50-A;Holandês;19/04/2025;20;23/08/2024;04/12/2025;
50-A;50-A;50-A;Holandês;20/07/2025;24;23/08/2024;04/12/2025;
50-A;50-A;50-A;Holandês;13/08/2025;19;23/08/2024;04/12/2025;
50-A;50-A;50-A;Holandês;24/08/2025;19,3;23/08/2024;04/12/2025;
50-A;50-A;50-A;Holandês;22/09/2025;22;23/08/2024;04/12/2025;
603;603;603-A;Holandês;20/12/2024;25,2;21/11/2025;;
603;603;603-A;Holandês;26/12/2024;30,4;21/11/2025;;
603;603;603-A;Holandês;18/01/2025;41,1;21/11/2025;;
603;603;603-A;Holandês;04/02/2025;40;21/11/2025;;
603;603;603-A;Holandês;08/03/2025;35;21/11/2025;;
603;603;603-A;Holandês;15/03/2025;39;21/11/2025;;
603;603;603-A;Holandês;19/04/2025;37,2;21/11/2025;;
603;603;603-A;Holandês;20/07/2025;20,2;21/11/2025;;
603;603;603-A;Holandês;13/08/2025;24;21/11/2025;;
603;603;603-A;Holandês;24/08/2025;22;21/11/2025;;
603;603;603-A;Holandês;22/09/2025;27;21/11/2025;;
603;603;603-A;Holandês;02/10/2025;17,4;21/11/2025;;
603;603;603-A;Holandês;17/10/2025;16;21/11/2025;;
603;603;603-A;Holandês;18/11/2025;11;21/11/2025;;
603;603;603-A;Holandês;24/11/2025;15;21/11/2025;;
603;603;603-A;Holandês;29/11/2025;20;21/11/2025;;
603;603;603-A;Holandês;13/12/2025;21;21/11/2025;;
603;603;603-A;Holandês;21/12/2025;22;21/11/2025;;
603;603;603-A;Holandês;29/12/2025;20;21/11/2025;;
603;603;603-A;Holandês;04/01/2026;22;21/11/2025;;
603;603;603-A;Holandês;10/01/2026;23;21/11/2025;;
603;603;603-A;Holandês;16/01/2026;19;21/11/2025;;
603;603;603-A;Holandês;23/01/2026;22;21/11/2025;;
603;603;603-A;Holandês;30/01/2026;23;21/11/2025;;
603;603;603-A;Holandês;18/02/2026;23;21/11/2025;;
603;603;603-A;Holandês;21/03/2026;23;21/11/2025;;
603;603;603-A;Holandês;04/04/2026;19;21/11/2025;;
603;603;603-A;Holandês;17/04/2026;21;21/11/2025;;
603;603;603-A;Holandês;01/05/2026;14;21/11/2025;;
603;603;603-A;Holandês;09/05/2026;21;21/11/2025;;
603;603;603-A;Holandês;18/05/2026;14;21/11/2025;;
603;603;603-A;Holandês;13/06/2026;15;21/11/2025;;
628-AJ;628-Aj;628-AJ;Holandês;20/12/2024;31,2;23/08/2024;28/12/2025;
628-AJ;628-Aj;628-AJ;Holandês;26/12/2024;32,4;23/08/2024;28/12/2025;
628-AJ;628-Aj;628-AJ;Holandês;18/01/2025;28,3;23/08/2024;28/12/2025;
628-AJ;628-Aj;628-AJ;Holandês;04/02/2025;25;23/08/2024;28/12/2025;
628-AJ;628-Aj;628-AJ;Holandês;08/03/2025;23;23/08/2024;28/12/2025;
628-AJ;628-Aj;628-AJ;Holandês;15/03/2025;26;23/08/2024;28/12/2025;
628-AJ;628-Aj;628-AJ;Holandês;19/04/2025;15;23/08/2024;28/12/2025;
628-AJ;628-Aj;628-AJ;Holandês;20/07/2025;13;23/08/2024;28/12/2025;
628-AJ;628-Aj;628-AJ;Holandês;13/08/2025;9;23/08/2024;28/12/2025;
628-AJ;628-Aj;628-AJ;Holandês;24/08/2025;9;23/08/2024;28/12/2025;
628-AJ;628-Aj;628-AJ;Holandês;22/09/2025;11;23/08/2024;28/12/2025;
628-AJ;628-Aj;628-AJ;Holandês;02/10/2025;10;23/08/2024;28/12/2025;
628-AJ;628-Aj;628-AJ;Holandês;17/10/2025;12;23/08/2024;28/12/2025;
657-BJ;657-Bj;657-BJ;Holandês;19/04/2025;17,2;07/04/2025;04/12/2025;
657-BJ;657-Bj;657-BJ;Holandês;20/07/2025;11,2;07/04/2025;04/12/2025;
706-BJ;706-Bj;706-BJ;Holandês;13/12/2025;10;14/11/2024;28/12/2025;
706-BJ;706-Bj;706-BJ;Holandês;21/12/2025;9;14/11/2024;28/12/2025;
861;861;861 CJ;Girolando;01/05/2026;13;27/04/2026;;
861;861;861 CJ;Girolando;09/05/2026;15;27/04/2026;;
861;861;861 CJ;Girolando;18/05/2026;20;27/04/2026;;
861;861;861 CJ;Girolando;13/06/2026;20;27/04/2026;;
A-857 R2;A-857;A857;Holandês;20/12/2024;9,3;11/08/2024;04/12/2025;
A-857 R2;A-857;A857;Holandês;26/12/2024;9;11/08/2024;04/12/2025;
A-857 R2;A-857;A857;Holandês;18/01/2025;8;11/08/2024;04/12/2025;
A-857 R2;A-857;A857;Holandês;04/02/2025;8;11/08/2024;04/12/2025;
