Nº animal;Nome;Dt. nasc.;Sx;Raça;Dt. aplic.;Produto aplic.;Dose;Lote;Atividade;Obs. aplic.;
01;01;01/11/2024;F;Girolando;02/07/2026;IVERMECTINA O.F.MASTER L.P.4% 500ML;2;;;;
02;02;25/10/2024;F;Girolando;02/07/2026;IVERMECTINA O.F.MASTER L.P.4% 500ML;2;;;;
03;03;27/02/2025;F;Girolando;02/07/2026;IVERMECTINA O.F.MASTER L.P.4% 500ML;2;;;;
03;03;27/02/2025;F;Girolando;02/07/2026;VACINA RB 51 - FR 5 DS - 10ml;2;;;;
04;04;27/02/2025;F;Girolando;24/05/2026;ALTA SCRATCH E PCT/50 VERMELHO;0,5;;;;
04;04;27/02/2025;F;Girolando;02/07/2026;IVERMECTINA O.F.MASTER L.P.4% 500ML;2;;;;
06;06;10/11/2024;F;Girolando;02/07/2026;IVERMECTINA O.F.MASTER L.P.4% 500ML;2;;;;
068;068;28/02/2024;F;Girolando;05/05/2026;Borgal (Frasco 10 ml);40;;;;
068;068;28/02/2024;F;Girolando;05/05/2026;SPECTRAMAST LC;2;;;;
068;068;28/02/2024;F;Girolando;05/05/2026;SPECTRAMAST LC;2;;;;
068;068;28/02/2024;F;Girolando;06/05/2026;SPECTRAMAST LC;2;;;;
068;068;28/02/2024;F;Girolando;06/05/2026;SPECTRAMAST LC;2;;;;
068;068;28/02/2024;F;Girolando;07/05/2026;Borgal (Frasco 10 ml);40;;;;
068;068;28/02/2024;F;Girolando;07/05/2026;SPECTRAMAST LC;2;;;;
068;068;28/02/2024;F;Girolando;07/05/2026;SPECTRAMAST LC;2;;;;
068;068;28/02/2024;F;Girolando;08/05/2026;SPECTRAMAST LC;2;;;;
068;068;28/02/2024;F;Girolando;08/05/2026;SPECTRAMAST LC;2;;;;
068;068;28/02/2024;F;Girolando;09/05/2026;SPECTRAMAST LC;2;;;;
068;068;28/02/2024;F;Girolando;09/05/2026;SPECTRAMAST LC;2;;;;
068;068;28/02/2024;F;Girolando;21/05/2026;VACINA BOVIGEN LEPTO 8 150ML - 50 DOSES;3;;;lepto;
068;068;28/02/2024;F;Girolando;21/06/2026;Lactotropin 500mg;1;;;;
068;068;28/02/2024;F;Girolando;02/07/2026;Lactotropin 500mg;1;;;;
075;075;28/02/2024;F;Girolando;24/02/2026;Micotil 300 Injetável (Frasco 50 ml);15;;;;
075;075;28/02/2024;F;Girolando;18/04/2026;BORGAL FR. 50ML;40.00;;;intoxicação;
075;075;28/02/2024;F;Girolando;18/04/2026;Cortiflan 50 ml;15.00;;;intoxicação;
075;075;28/02/2024;F;Girolando;18/04/2026;Mercepton (Frasco 100 ml);50.00;;;intoxicação;
075;075;28/02/2024;F;Girolando;03/05/2026;Lactotropin 500mg;1;;;;
075;075;28/02/2024;F;Girolando;15/05/2026;Lactotropin 500mg;1;;;;
075;075;28/02/2024;F;Girolando;21/05/2026;VACINA BOVIGEN LEPTO 8 150ML - 50 DOSES;3;;;lepto;
075;075;28/02/2024;F;Girolando;24/05/2026;ALTA SCRATCH E PCT/50 VERMELHO;0,5;;;;
075;075;28/02/2024;F;Girolando;27/05/2026;Lactotropin 500mg;1;;;;
075;075;28/02/2024;F;Girolando;08/06/2026;Lactotropin 500mg;1;;;;
075;075;28/02/2024;F;Girolando;02/07/2026;Lactotropin 500mg;1;;;;
075;075;28/02/2024;F;Girolando;03/07/2026;Estron 60ml;2;;;PGF p/ cio;
08;08;27/02/2025;F;Girolando;02/07/2026;IVERMECTINA O.F.MASTER L.P.4% 500ML;2;;;;
09;09;27/02/2025;F;Girolando;24/05/2026;ALTA SCRATCH E PCT/50 VERMELHO;0,5;;;;
09;09;27/02/2025;F;Girolando;02/07/2026;IVERMECTINA O.F.MASTER L.P.4% 500ML;2;;;;
090;090;01/11/2024;F;Girolando;02/07/2026;IVERMECTINA O.F.MASTER L.P.4% 500ML;2;;;;
107;107;30/09/2024;F;Girolando;02/07/2026;IVERMECTINA O.F.MASTER L.P.4% 500ML;2;;;;
108;108;01/06/2024;F;Girolando;02/07/2026;IVERMECTINA O.F.MASTER L.P.4% 500ML;2;;;;
108;108;01/06/2024;F;Girolando;02/07/2026;VACINA RB 51 - FR 5 DS - 10ml;2;;;;
113;113;01/05/2024;F;Girolando;02/07/2026;IVERMECTINA O.F.MASTER L.P.4% 500ML;2;;;;
1234;1234;27/02/2024;F;Holandês;02/07/2026;IVERMECTINA O.F.MASTER L.P.4% 500ML;2;;;;
1245;1245;17/03/2024;F;Holandês;02/07/2026;IVERMECTINA O.F.MASTER L.P.4% 500ML;2;;;;
1247;1247;19/03/2024;F;Holandês;02/07/2026;IVERMECTINA O.F.MASTER L.P.4% 500ML;2;;;;
1258;1258;29/04/2024;F;Holandês;02/07/2026;IVERMECTINA O.F.MASTER L.P.4% 500ML;2;;;;
126;126;28/02/2024;F;Girolando;05/02/2026;Estron 60ml;2;;;;
126;126;28/02/2024;F;Girolando;11/03/2026;Lactotropin 500mg;1;;;;
126;126;28/02/2024;F;Girolando;23/03/2026;ALTA SCRATCH E PCT/50 VERMELHO;0,5;;;;
126;126;28/02/2024;F;Girolando;23/03/2026;Lactotropin 500mg;1;;;;
126;126;28/02/2024;F;Girolando;04/04/2026;Lactotropin 500mg;1;;;;
126;126;28/02/2024;F;Girolando;04/04/2026;Lactotropin 500mg;1;;;;
126;126;28/02/2024;F;Girolando;16/04/2026;Lactotropin 500mg;1;;;;
126;126;28/02/2024;F;Girolando;03/05/2026;Lactotropin 500mg;1;;;;
126;126;28/02/2024;F;Girolando;15/05/2026;Lactotropin 500mg;1;;;;
126;126;28/02/2024;F;Girolando;21/05/2026;VACINA BOVIGEN LEPTO 8 150ML - 50 DOSES;3;;;lepto;
126;126;28/02/2024;F;Girolando;27/05/2026;Lactotropin 500mg;1;;;;
126;126;28/02/2024;F;Girolando;08/06/2026;Lactotropin 500mg;1;;;;
126;126;28/02/2024;F;Girolando;21/06/2026;Lactotropin 500mg;1;;;;
126;126;28/02/2024;F;Girolando;02/07/2026;Lactotropin 500mg;1;;;;
1260;1260;10/05/2024;F;Holandês;02/07/2026;IVERMECTINA O.F.MASTER L.P.4% 500ML;2;;;;
1261;1261;21/05/2024;F;Holandês;02/07/2026;IVERMECTINA O.F.MASTER L.P.4% 500ML;2;;;;
1262;1262;23/05/2024;F;Holandês;02/07/2026;IVERMECTINA O.F.MASTER L.P.4% 500ML;2;;;;
1263;1263;26/05/2024;F;Holandês;02/07/2026;IVERMECTINA O.F.MASTER L.P.4% 500ML;2;;;;
1264;1264;27/05/2024;F;Holandês;02/07/2026;IVERMECTINA O.F.MASTER L.P.4% 500ML;2;;;;
127;127;28/02/2024;F;Girolando;10/04/2026;Estron 60ml;2;;;PGF p/ Cio;
127;127;28/02/2024;F;Girolando;11/04/2026;ALTA SCRATCH E PCT/50 VERMELHO;0,5;;;Saindo do PEV;
127;127;28/02/2024;F;Girolando;03/05/2026;Lactotropin 500mg;1;;;;
127;127;28/02/2024;F;Girolando;15/05/2026;Lactotropin 500mg;1;;;;
127;127;28/02/2024;F;Girolando;21/05/2026;VACINA BOVIGEN LEPTO 8 150ML - 50 DOSES;3;;;lepto;
127;127;28/02/2024;F;Girolando;27/05/2026;Lactotropin 500mg;1;;;;
127;127;28/02/2024;F;Girolando;08/06/2026;Lactotropin 500mg;1;;;;
127;127;28/02/2024;F;Girolando;21/06/2026;Lactotropin 500mg;1;;;;
127;127;28/02/2024;F;Girolando;02/07/2026;Lactotropin 500mg;1;;;;
127;127;28/02/2024;F;Girolando;03/07/2026;ALTA SCRATCH E PCT/50 VERMELHO;0,5;;;;
1273;1273;03/08/2024;F;Holandês;02/07/2026;IVERMECTINA O.F.MASTER L.P.4% 500ML;2;;;;
1274;1274;14/08/2024;F;Holandês;02/07/2026;IVERMECTINA O.F.MASTER L.P.4% 500ML;2;;;;
1274;1274;14/08/2024;F;Holandês;02/07/2026;VACINA BOVIGEN REPRO SE 100ML;5;;;;
1274;1274;14/08/2024;F;Holandês;02/07/2026;VACINA FORTRESS-7 50 DS;5;;;Clostridiose;
1274;1274;14/08/2024;F;Holandês;02/07/2026;VACINA PASTEURELOSE E SALMONELOSE BOVINA 16DS 50ML (tifopasteurina);3;;;Tifopasteurina;
1274;1274;14/08/2024;F;Holandês;02/07/2026;VACINA SCOURGUARD 10DS (diarreia neonatal);2;;;Diarreia Neonatal;
1275;1275;16/08/2024;F;Holandês;02/07/2026;IVERMECTINA O.F.MASTER L.P.4% 500ML;2;;;;
1276;1276;22/08/2024;F;Holandês;02/07/2026;IVERMECTINA O.F.MASTER L.P.4% 500ML;2;;;;
1278;1278;24/08/2024;F;Holandês;02/07/2026;IVERMECTINA O.F.MASTER L.P.4% 500ML;2;;;;
1279;1279;27/08/2024;F;Holandês;02/07/2026;IVERMECTINA O.F.MASTER L.P.4% 500ML;2;;;;
128;128;28/02/2024;F;Girolando;10/04/2026;Estron 60ml;2;;;PGF p/ Cio;
128;128;28/02/2024;F;Girolando;11/04/2026;ALTA SCRATCH E PCT/50 VERMELHO;0,5;;;Saindo do PEV;
128;128;28/02/2024;F;Girolando;03/05/2026;Lactotropin 500mg;1;;;;
128;128;28/02/2024;F;Girolando;15/05/2026;Lactotropin 500mg;1;;;;
128;128;28/02/2024;F;Girolando;21/05/2026;VACINA BOVIGEN LEPTO 8 150ML - 50 DOSES;3;;;lepto;
128;128;28/02/2024;F;Girolando;27/05/2026;Lactotropin 500mg;1;;;;
128;128;28/02/2024;F;Girolando;06/06/2026;ROFLIN INJ 100ML;20.00;;;;
128;128;28/02/2024;F;Girolando;06/06/2026;ROFLIN INJ 100ML;20.00;;;;
128;128;28/02/2024;F;Girolando;08/06/2026;Lactotropin 500mg;1;;;;
128;128;28/02/2024;F;Girolando;16/06/2026;ALTA SCRATCH E PCT/50 VERMELHO;0,5;;;;
128;128;28/02/2024;F;Girolando;02/07/2026;Lactotropin 500mg;1;;;;
1280;1280;08/09/2024;F;Holandês;02/07/2026;IVERMECTINA O.F.MASTER L.P.4% 500ML;2;;;;
1283;1283;15/10/2024;F;Holandês;02/07/2026;IVERMECTINA O.F.MASTER L.P.4% 500ML;2;;;;
1284;1284;20/10/2024;F;Holandês;02/07/2026;IVERMECTINA O.F.MASTER L.P.4% 500ML;2;;;;
1285;1285;25/10/2024;F;Holandês;02/07/2026;IVERMECTINA O.F.MASTER L.P.4% 500ML;2;;;;
129;129;28/02/2024;F;Girolando;05/02/2026;Estron 60ml;2;;;;
129;129;28/02/2024;F;Girolando;10/04/2026;CEF 50MG/ML SUS. INJ. 100 ML;15;;;PGF e CEF 50;
129;129;28/02/2024;F;Girolando;10/04/2026;Estron 60ml;2;;;PGF e CEF 50;
129;129;28/02/2024;F;Girolando;26/04/2026;Borgal (Frasco 10 ml);40;;;;
129;129;28/02/2024;F;Girolando;26/04/2026;Borgal (Frasco 10 ml);40;;;;
129;129;28/02/2024;F;Girolando;26/04/2026;SPECTRAMAST LC;1;;;;
129;129;28/02/2024;F;Girolando;26/04/2026;SPECTRAMAST LC;1;;;;
129;129;28/02/2024;F;Girolando;26/04/2026;SPECTRAMAST LC;1;;;;
129;129;28/02/2024;F;Girolando;26/04/2026;SPECTRAMAST LC;1;;;;
129;129;28/02/2024;F;Girolando;26/04/2026;SPECTRAMAST LC;1;;;;
129;129;28/02/2024;F;Girolando;26/04/2026;SPECTRAMAST LC;1;;;;
129;129;28/02/2024;F;Girolando;26/04/2026;SPECTRAMAST LC;1;;;;
129;129;28/02/2024;F;Girolando;26/04/2026;SPECTRAMAST LC;1;;;;
129;129;28/02/2024;F;Girolando;26/04/2026;SPECTRAMAST LC;1;;;;
129;129;28/02/2024;F;Girolando;26/04/2026;SPECTRAMAST LC;1;;;;
129;129;28/02/2024;F;Girolando;21/05/2026;VACINA BOVIGEN LEPTO 8 150ML - 50 DOSES;3;;;lepto;
129;129;28/02/2024;F;Girolando;27/05/2026;Lactotropin 500mg;1;;;;
129;129;28/02/2024;F;Girolando;08/06/2026;Lactotropin 500mg;1;;;;
129;129;28/02/2024;F;Girolando;16/06/2026;ALTA SCRATCH E PCT/50 VERMELHO;0,5;;;;
129;129;28/02/2024;F;Girolando;21/06/2026;Lactotropin 500mg;1;;;;
129;129;28/02/2024;F;Girolando;02/07/2026;Lactotropin 500mg;1;;;;
1290;1290;16/11/2024;F;Holandês;02/07/2026;IVERMECTINA O.F.MASTER L.P.4% 500ML;2;;;;
132;132;28/02/2024;F;Girolando;04/04/2026;Lactotropin 500mg;1;;;;
132;132;28/02/2024;F;Girolando;04/04/2026;Lactotropin 500mg;1;;;;
132;132;28/02/2024;F;Girolando;14/04/2026;ALTA SCRATCH E PCT/50 VERMELHO;0,5;;;;
132;132;28/02/2024;F;Girolando;16/04/2026;Lactotropin 500mg;1;;;;
132;132;28/02/2024;F;Girolando;03/05/2026;Lactotropin 500mg;1;;;;
132;132;28/02/2024;F;Girolando;15/05/2026;Lactotropin 500mg;1;;;;
132;132;28/02/2024;F;Girolando;21/05/2026;VACINA BOVIGEN LEPTO 8 150ML - 50 DOSES;3;;;lepto;
132;132;28/02/2024;F;Girolando;27/05/2026;Lactotropin 500mg;1;;;;
132;132;28/02/2024;F;Girolando;08/06/2026;Lactotropin 500mg;1;;;;
132;132;28/02/2024;F;Girolando;21/06/2026;Lactotropin 500mg;1;;;;
132;132;28/02/2024;F;Girolando;29/06/2026;ALTA SCRATCH E PCT/50 VERMELHO;0,5;;;;
132;132;28/02/2024;F;Girolando;02/07/2026;Lactotropin 500mg;1;;;;
14;14;01/09/2024;F;Girolando;02/07/2026;IVERMECTINA O.F.MASTER L.P.4% 500ML;2;;;;
145;145;12/12/2021;F;Holandês;03/02/2026;Lactotropin 500mg;1;;;;
145;145;12/12/2021;F;Holandês;15/02/2026;Lactotropin 500mg;1;;;;
145;145;12/12/2021;F;Holandês;27/02/2026;Lactotropin 500mg;1;;;;
145;145;12/12/2021;F;Holandês;11/03/2026;Lactotropin 500mg;1;;;;
145;145;12/12/2021;F;Holandês;04/04/2026;Lactotropin 500mg;1;;;;
145;145;12/12/2021;F;Holandês;04/04/2026;Lactotropin 500mg;1;;;;
145;145;12/12/2021;F;Holandês;16/04/2026;Lactotropin 500mg;1;;;;
145;145;12/12/2021;F;Holandês;03/05/2026;Lactotropin 500mg;1;;;;
145;145;12/12/2021;F;Holandês;15/05/2026;Lactotropin 500mg;1;;;;
145;145;12/12/2021;F;Holandês;21/05/2026;VACINA BOVIGEN LEPTO 8 150ML - 50 DOSES;3;;;lepto;
145;145;12/12/2021;F;Holandês;27/05/2026;Lactotropin 500mg;1;;;;
145;145;12/12/2021;F;Holandês;08/06/2026;Lactotropin 500mg;1;;;;
145;145;12/12/2021;F;Holandês;21/06/2026;Lactotropin 500mg;1;;;;
145;145;12/12/2021;F;Holandês;02/07/2026;Lactotropin 500mg;1;;;;
146;146;28/02/2024;F;Girolando;14/05/2026;ALTA SCRATCH E PCT/50 VERMELHO;0,5;;;;
146;146;28/02/2024;F;Girolando;15/05/2026;ALTA SCRATCH E PCT/50 VERMELHO;0.50;;;;
146;146;28/02/2024;F;Girolando;21/05/2026;VACINA BOVIGEN LEPTO 8 150ML - 50 DOSES;3;;;lepto;
146;146;28/02/2024;F;Girolando;27/05/2026;Lactotropin 500mg;1;;;;
146;146;28/02/2024;F;Girolando;02/06/2026;ALTA SCRATCH E PCT/50 VERMELHO;0,5;;;;
146;146;28/02/2024;F;Girolando;08/06/2026;Lactotropin 500mg;1;;;;
146;146;28/02/2024;F;Girolando;21/06/2026;Lactotropin 500mg;1;;;;
146;146;28/02/2024;F;Girolando;02/07/2026;Lactotropin 500mg;1;;;;
148;148;28/02/2024;F;Girolando;26/02/2026;Metricure (Seringa 19 g);1;;;Aplicado por Carlos;
148;148;28/02/2024;F;Girolando;04/04/2026;Lactotropin 500mg;1;;;;
148;148;28/02/2024;F;Girolando;04/04/2026;Lactotropin 500mg;1;;;;
148;148;28/02/2024;F;Girolando;14/04/2026;ALTA SCRATCH E PCT/50 VERMELHO;0,5;;;;
148;148;28/02/2024;F;Girolando;16/04/2026;Lactotropin 500mg;1;;;;
148;148;28/02/2024;F;Girolando;03/05/2026;Lactotropin 500mg;1;;;;
148;148;28/02/2024;F;Girolando;15/05/2026;Lactotropin 500mg;1;;;;
148;148;28/02/2024;F;Girolando;21/05/2026;VACINA BOVIGEN LEPTO 8 150ML - 50 DOSES;3;;;lepto;
148;148;28/02/2024;F;Girolando;27/05/2026;Lactotropin 500mg;1;;;;
148;148;28/02/2024;F;Girolando;08/06/2026;Lactotropin 500mg;1;;;;
148;148;28/02/2024;F;Girolando;21/06/2026;Lactotropin 500mg;1;;;;
148;148;28/02/2024;F;Girolando;02/07/2026;Lactotropin 500mg;1;;;;
149;149;28/02/2024;F;Girolando;05/02/2026;Estron 60ml;2;;;;
149;149;28/02/2024;F;Girolando;23/03/2026;ALTA SCRATCH E PCT/50 VERMELHO;0,5;;;;
149;149;28/02/2024;F;Girolando;23/03/2026;Lactotropin 500mg;1;;;;
149;149;28/02/2024;F;Girolando;04/04/2026;Lactotropin 500mg;1;;;;
149;149;28/02/2024;F;Girolando;04/04/2026;Lactotropin 500mg;1;;;;
149;149;28/02/2024;F;Girolando;16/04/2026;Lactotropin 500mg;1;;;;
149;149;28/02/2024;F;Girolando;03/05/2026;Lactotropin 500mg;1;;;;
149;149;28/02/2024;F;Girolando;15/05/2026;Lactotropin 500mg;1;;;;
149;149;28/02/2024;F;Girolando;21/05/2026;VACINA BOVIGEN LEPTO 8 150ML - 50 DOSES;3;;;lepto;
149;149;28/02/2024;F;Girolando;27/05/2026;Lactotropin 500mg;1;;;;
149;149;28/02/2024;F;Girolando;08/06/2026;Lactotropin 500mg;1;;;;
149;149;28/02/2024;F;Girolando;21/06/2026;Lactotropin 500mg;1;;;;
149;149;28/02/2024;F;Girolando;02/07/2026;Lactotropin 500mg;1;;;;
150;150;28/02/2024;F;Girolando;13/03/2026;LUTALYSE FR. 30ML;5;;;pós-parto;
150;150;28/02/2024;F;Girolando;13/03/2026;Mercepton (Frasco 100 ml);50;;;pós-parto;
150;150;28/02/2024;F;Girolando;13/03/2026;TURBO CALCIO 500ML;250;;;pós-parto;
150;150;28/02/2024;F;Girolando;10/04/2026;CEF 50MG/ML SUS. INJ. 100 ML;15;;;PGF e CEF 50;
150;150;28/02/2024;F;Girolando;10/04/2026;Estron 60ml;2;;;PGF e CEF 50;
150;150;28/02/2024;F;Girolando;15/05/2026;Lactotropin 500mg;1;;;;
150;150;28/02/2024;F;Girolando;21/05/2026;VACINA BOVIGEN LEPTO 8 150ML - 50 DOSES;3;;;lepto;
150;150;28/02/2024;F;Girolando;27/05/2026;Lactotropin 500mg;1;;;;
150;150;28/02/2024;F;Girolando;08/06/2026;Lactotropin 500mg;1;;;;
150;150;28/02/2024;F;Girolando;16/06/2026;ALTA SCRATCH E PCT/50 VERMELHO;0,5;;;;
150;150;28/02/2024;F;Girolando;21/06/2026;Lactotropin 500mg;1;;;;
150;150;28/02/2024;F;Girolando;02/07/2026;Lactotropin 500mg;1;;;;
151;151;21/01/2022;F;Holandês;03/02/2026;Lactotropin 500mg;1;;;;
151;151;21/01/2022;F;Holandês;15/02/2026;Lactotropin 500mg;1;;;;
151;151;21/01/2022;F;Holandês;27/02/2026;Lactotropin 500mg;1;;;;
151;151;21/01/2022;F;Holandês;11/03/2026;Lactotropin 500mg;1;;;;
151;151;21/01/2022;F;Holandês;23/03/2026;Lactotropin 500mg;1;;;;
151;151;21/01/2022;F;Holandês;04/04/2026;Lactotropin 500mg;1;;;;
151;151;21/01/2022;F;Holandês;04/04/2026;Lactotropin 500mg;1;;;;
151;151;21/01/2022;F;Holandês;16/04/2026;Lactotropin 500mg;1;;;;
151;151;21/01/2022;F;Holandês;03/05/2026;Lactotropin 500mg;1;;;;
151;151;21/01/2022;F;Holandês;15/05/2026;Lactotropin 500mg;1;;;;
151;151;21/01/2022;F;Holandês;21/05/2026;VACINA BOVIGEN LEPTO 8 150ML - 50 DOSES;3;;;lepto;
151;151;21/01/2022;F;Holandês;27/05/2026;Lactotropin 500mg;1;;;;
151;151;21/01/2022;F;Holandês;08/06/2026;Lactotropin 500mg;1;;;;
151;151;21/01/2022;F;Holandês;21/06/2026;Lactotropin 500mg;1;;;;
151;151;21/01/2022;F;Holandês;02/07/2026;Lactotropin 500mg;1;;;;
16;16;27/02/2025;F;Girolando;24/05/2026;ALTA SCRATCH E PCT/50 VERMELHO;0,5;;;;
16;16;27/02/2025;F;Girolando;02/07/2026;IVERMECTINA O.F.MASTER L.P.4% 500ML;2;;;;
17;17;05/11/2024;F;Girolando;16/06/2026;ALTA SCRATCH E PCT/50 VERMELHO;0,5;;;;
17;17;05/11/2024;F;Girolando;02/07/2026;IVERMECTINA O.F.MASTER L.P.4% 500ML;2;;;;
18;18;18/06/2024;F;Girolando;02/07/2026;IVERMECTINA O.F.MASTER L.P.4% 500ML;2;;;;
18;18;18/06/2024;F;Girolando;02/07/2026;VACINA BOVIGEN REPRO SE 100ML;5;;;;
18;18;18/06/2024;F;Girolando;02/07/2026;VACINA FORTRESS-7 50 DS;5;;;Clostridiose;
18;18;18/06/2024;F;Girolando;02/07/2026;VACINA PASTEURELOSE E SALMONELOSE BOVINA 16DS 50ML (tifopasteurina);3;;;Tifopasteurina;
18;18;18/06/2024;F;Girolando;02/07/2026;VACINA SCOURGUARD 10DS (diarreia neonatal);2;;;Diarreia Neonatal;
20;20;02/12/2024;F;Girolando;24/05/2026;ALTA SCRATCH E PCT/50 VERMELHO;0,5;;;;
20;20;02/12/2024;F;Girolando;02/07/2026;IVERMECTINA O.F.MASTER L.P.4% 500ML;2;;;;
206;206-ARAPUCA;09/08/2023;F;Girolando;03/02/2026;Lactotropin 500mg;1;;;;
206;206-ARAPUCA;09/08/2023;F;Girolando;10/02/2026;ALTA SCRATCH E PCT/50 VERMELHO;0,5;;;;
206;206-ARAPUCA;09/08/2023;F;Girolando;15/02/2026;Lactotropin 500mg;1;;;;
206;206-ARAPUCA;09/08/2023;F;Girolando;27/02/2026;Lactotropin 500mg;1;;;;
206;206-ARAPUCA;09/08/2023;F;Girolando;11/03/2026;Lactotropin 500mg;1;;;;
206;206-ARAPUCA;09/08/2023;F;Girolando;23/03/2026;Lactotropin 500mg;1;;;;
206;206-ARAPUCA;09/08/2023;F;Girolando;04/04/2026;Lactotropin 500mg;1;;;;
206;206-ARAPUCA;09/08/2023;F;Girolando;04/04/2026;Lactotropin 500mg;1;;;;
206;206-ARAPUCA;09/08/2023;F;Girolando;16/04/2026;Lactotropin 500mg;1;;;;
206;206-ARAPUCA;09/08/2023;F;Girolando;03/05/2026;Lactotropin 500mg;1;;;;
206;206-ARAPUCA;09/08/2023;F;Girolando;15/05/2026;Lactotropin 500mg;1;;;;
206;206-ARAPUCA;09/08/2023;F;Girolando;21/05/2026;VACINA BOVIGEN LEPTO 8 150ML - 50 DOSES;3;;;lepto;
206;206-ARAPUCA;09/08/2023;F;Girolando;27/05/2026;Lactotropin 500mg;1;;;;
206;206-ARAPUCA;09/08/2023;F;Girolando;08/06/2026;Lactotropin 500mg;1;;;;
206;206-ARAPUCA;09/08/2023;F;Girolando;21/06/2026;Lactotropin 500mg;1;;;;
206;206-ARAPUCA;09/08/2023;F;Girolando;02/07/2026;Lactotropin 500mg;1;;;;
2063;2063;09/12/2024;F;Girolando;14/05/2026;ALTA SCRATCH E PCT/50 VERMELHO;0,5;;;;
2063;2063;09/12/2024;F;Girolando;15/05/2026;ALTA SCRATCH E PCT/50 VERMELHO;0.50;;;;
2063;2063;09/12/2024;F;Girolando;02/07/2026;IVERMECTINA O.F.MASTER L.P.4% 500ML;2;;;;
2074;2074;11/06/2024;F;Girolando;02/07/2026;IVERMECTINA O.F.MASTER L.P.4% 500ML;2;;;;
2074;2074;11/06/2024;F;Girolando;02/07/2026;VACINA BOVIGEN REPRO SE 100ML;5;;;;
2074;2074;11/06/2024;F;Girolando;02/07/2026;VACINA FORTRESS-7 50 DS;5;;;Clostridiose;
2074;2074;11/06/2024;F;Girolando;02/07/2026;VACINA PASTEURELOSE E SALMONELOSE BOVINA 16DS 50ML (tifopasteurina);3;;;Tifopasteurina;
2074;2074;11/06/2024;F;Girolando;02/07/2026;VACINA SCOURGUARD 10DS (diarreia neonatal);2;;;Diarreia Neonatal;
208;208-Rasgada;02/10/2023;F;Holandês;03/02/2026;Lactotropin 500mg;1;;;;
208;208-Rasgada;02/10/2023;F;Holandês;15/02/2026;Lactotropin 500mg;1;;;;
208;208-Rasgada;02/10/2023;F;Holandês;27/02/2026;Lactotropin 500mg;1;;;;
208;208-Rasgada;02/10/2023;F;Holandês;02/03/2026;ALTA SCRATCH E PCT/50 VERMELHO;0,5;;;;
208;208-Rasgada;02/10/2023;F;Holandês;11/03/2026;Lactotropin 500mg;1;;;;
208;208-Rasgada;02/10/2023;F;Holandês;23/03/2026;Lactotropin 500mg;1;;;;
208;208-Rasgada;02/10/2023;F;Holandês;04/04/2026;Lactotropin 500mg;1;;;;
208;208-Rasgada;02/10/2023;F;Holandês;04/04/2026;Lactotropin 500mg;1;;;;
208;208-Rasgada;02/10/2023;F;Holandês;14/04/2026;ALTA SCRATCH E PCT/50 VERMELHO;0,5;;;;
208;208-Rasgada;02/10/2023;F;Holandês;16/04/2026;Lactotropin 500mg;1;;;;
208;208-Rasgada;02/10/2023;F;Holandês;03/05/2026;Lactotropin 500mg;1;;;;
208;208-Rasgada;02/10/2023;F;Holandês;15/05/2026;Lactotropin 500mg;1;;;;
208;208-Rasgada;02/10/2023;F;Holandês;21/05/2026;VACINA BOVIGEN LEPTO 8 150ML - 50 DOSES;3;;;lepto;
208;208-Rasgada;02/10/2023;F;Holandês;24/05/2026;ALTA SCRATCH E PCT/50 VERMELHO;0,5;;;;
208;208-Rasgada;02/10/2023;F;Holandês;27/05/2026;Lactotropin 500mg;1;;;;
208;208-Rasgada;02/10/2023;F;Holandês;08/06/2026;Lactotropin 500mg;1;;;;
208;208-Rasgada;02/10/2023;F;Holandês;21/06/2026;Lactotropin 500mg;1;;;;
208;208-Rasgada;02/10/2023;F;Holandês;02/07/2026;Lactotropin 500mg;1;;;;
215;215-Vicosa;12/02/2024;F;Holandês;11/03/2026;Lactotropin 500mg;1;;;;
215;215-Vicosa;12/02/2024;F;Holandês;04/04/2026;Lactotropin 500mg;1;;;;
215;215-Vicosa;12/02/2024;F;Holandês;04/04/2026;Lactotropin 500mg;1;;;;
215;215-Vicosa;12/02/2024;F;Holandês;16/04/2026;Lactotropin 500mg;1;;;;
215;215-Vicosa;12/02/2024;F;Holandês;03/05/2026;Lactotropin 500mg;1;;;;
215;215-Vicosa;12/02/2024;F;Holandês;15/05/2026;Lactotropin 500mg;1;;;;
215;215-Vicosa;12/02/2024;F;Holandês;21/05/2026;VACINA BOVIGEN LEPTO 8 150ML - 50 DOSES;3;;;lepto;
215;215-Vicosa;12/02/2024;F;Holandês;27/05/2026;Lactotropin 500mg;1;;;;
215;215-Vicosa;12/02/2024;F;Holandês;08/06/2026;Lactotropin 500mg;1;;;;
215;215-Vicosa;12/02/2024;F;Holandês;21/06/2026;Lactotropin 500mg;1;;;;
215;215-Vicosa;12/02/2024;F;Holandês;02/07/2026;Lactotropin 500mg;1;;;;
2213;2213;07/10/2024;F;Girolando;02/07/2026;IVERMECTINA O.F.MASTER L.P.4% 500ML;2;;;;
2230;2230;19/09/2024;F;Girolando;02/07/2026;IVERMECTINA O.F.MASTER L.P.4% 500ML;2;;;;
2231;2231;29/09/2024;F;Girolando;02/07/2026;IVERMECTINA O.F.MASTER L.P.4% 500ML;2;;;;
2246;2246;09/12/2024;F;Girolando;14/05/2026;ALTA SCRATCH E PCT/50 VERMELHO;0,5;;;;
2246;2246;09/12/2024;F;Girolando;15/05/2026;ALTA SCRATCH E PCT/50 VERMELHO;0.50;;;;
2246;2246;09/12/2024;F;Girolando;02/07/2026;IVERMECTINA O.F.MASTER L.P.4% 500ML;2;;;;
2341;2341;27/02/2025;F;Girolando;14/05/2026;ALTA SCRATCH E PCT/50 VERMELHO;0,5;;;;
2341;2341;27/02/2025;F;Girolando;15/05/2026;ALTA SCRATCH E PCT/50 VERMELHO;0.50;;;;
2341;2341;27/02/2025;F;Girolando;02/07/2026;IVERMECTINA O.F.MASTER L.P.4% 500ML;2;;;;
2344;2344;26/05/2024;F;Girolando;02/07/2026;IVERMECTINA O.F.MASTER L.P.4% 500ML;2;;;;
2345;2345;22/11/2024;F;Girolando;02/07/2026;IVERMECTINA O.F.MASTER L.P.4% 500ML;2;;;;
2346;2346;27/02/2025;F;Girolando;14/05/2026;ALTA SCRATCH E PCT/50 VERMELHO;0,5;;;;
2346;2346;27/02/2025;F;Girolando;15/05/2026;ALTA SCRATCH E PCT/50 VERMELHO;0.50;;;;
2346;2346;27/02/2025;F;Girolando;02/07/2026;IVERMECTINA O.F.MASTER L.P.4% 500ML;2;;;;
2347;2347;27/02/2025;F;Girolando;14/05/2026;ALTA SCRATCH E PCT/50 VERMELHO;0,5;;;;
2347;2347;27/02/2025;F;Girolando;15/05/2026;ALTA SCRATCH E PCT/50 VERMELHO;0.50;;;;
2347;2347;27/02/2025;F;Girolando;02/07/2026;IVERMECTINA O.F.MASTER L.P.4% 500ML;2;;;;
2349;2349;20/06/2024;F;Girolando;21/05/2026;VACINA BOVIGEN LEPTO 8 150ML - 50 DOSES;3;;;lepto;
2349;2349;20/06/2024;F;Girolando;26/06/2026;ALTA SCRATCH E PCT/50 VERMELHO;0,5;;;;
2349;2349;20/06/2024;F;Girolando;02/07/2026;Lactotropin 500mg;1;;;;
3335;3335;01/08/2024;F;Girolando;02/07/2026;IVERMECTINA O.F.MASTER L.P.4% 500ML;2;;;;
403;403;01/01/2021;F;Girolando;03/02/2026;Lactotropin 500mg;1;;;;
403;403;01/01/2021;F;Girolando;15/02/2026;Lactotropin 500mg;1;;;;
403;403;01/01/2021;F;Girolando;16/02/2026;Borgal (Frasco 10 ml);50;;;Mastite;
403;403;01/01/2021;F;Girolando;16/02/2026;Mastijet Forte (Seringa 8 g);1;;;Mastite;
403;403;01/01/2021;F;Girolando;18/02/2026;Borgal (Frasco 10 ml);50;;;Mastite;
403;403;01/01/2021;F;Girolando;18/02/2026;Mastijet Forte (Seringa 8 g);2;;;Mastite;
403;403;01/01/2021;F;Girolando;19/02/2026;Mastijet Forte (Seringa 8 g);2;;;Mastite;
403;403;01/01/2021;F;Girolando;20/02/2026;Mastijet Forte (Seringa 8 g);1;;;;
403;403;01/01/2021;F;Girolando;27/02/2026;Lactotropin 500mg;1;;;;
403;403;01/01/2021;F;Girolando;02/03/2026;ALTA SCRATCH E PCT/50 VERMELHO;0,5;;;;
403;403;01/01/2021;F;Girolando;11/03/2026;Lactotropin 500mg;1;;;;
403;403;01/01/2021;F;Girolando;23/03/2026;Lactotropin 500mg;1;;;;
403;403;01/01/2021;F;Girolando;04/04/2026;Lactotropin 500mg;1;;;;
403;403;01/01/2021;F;Girolando;04/04/2026;Lactotropin 500mg;1;;;;
403;403;01/01/2021;F;Girolando;16/04/2026;Lactotropin 500mg;1;;;;
403;403;01/01/2021;F;Girolando;03/05/2026;Lactotropin 500mg;1;;;;
403;403;01/01/2021;F;Girolando;15/05/2026;Lactotropin 500mg;1;;;;
403;403;01/01/2021;F;Girolando;21/05/2026;VACINA BOVIGEN LEPTO 8 150ML - 50 DOSES;3;;;lepto;
403;403;01/01/2021;F;Girolando;27/05/2026;Lactotropin 500mg;1;;;;
403;403;01/01/2021;F;Girolando;08/06/2026;Lactotropin 500mg;1;;;;
403;403;01/01/2021;F;Girolando;21/06/2026;Lactotropin 500mg;1;;;;
403;403;01/01/2021;F;Girolando;02/07/2026;Lactotropin 500mg;1;;;;
404;404;01/01/2021;F;Girolando;21/05/2026;VACINA BOVIGEN LEPTO 8 150ML - 50 DOSES;3;;;lepto;
405;405-Maria;01/01/2018;F;Girolando;03/02/2026;Lactotropin 500mg;1;;;;
405;405-Maria;01/01/2018;F;Girolando;15/02/2026;Lactotropin 500mg;1;;;;
405;405-Maria;01/01/2018;F;Girolando;27/02/2026;Lactotropin 500mg;1;;;;
405;405-Maria;01/01/2018;F;Girolando;11/03/2026;Lactotropin 500mg;1;;;;
405;405-Maria;01/01/2018;F;Girolando;21/05/2026;VACINA BOVIGEN LEPTO 8 150ML - 50 DOSES;3;;;lepto;
414;414;01/01/2021;F;Girolando;03/02/2026;Lactotropin 500mg;1;;;;
414;414;01/01/2021;F;Girolando;10/02/2026;ALTA SCRATCH E PCT/50 VERMELHO;0,5;;;;
414;414;01/01/2021;F;Girolando;15/02/2026;Lactotropin 500mg;1;;;;
414;414;01/01/2021;F;Girolando;27/02/2026;Lactotropin 500mg;1;;;;
414;414;01/01/2021;F;Girolando;02/03/2026;ALTA SCRATCH E PCT/50 VERMELHO;0,5;;;;
414;414;01/01/2021;F;Girolando;11/03/2026;Lactotropin 500mg;1;;;;
414;414;01/01/2021;F;Girolando;23/03/2026;ALTA SCRATCH E PCT/50 VERMELHO;0,5;;;;
414;414;01/01/2021;F;Girolando;23/03/2026;Lactotropin 500mg;1;;;;
414;414;01/01/2021;F;Girolando;04/04/2026;Lactotropin 500mg;1;;;;
414;414;01/01/2021;F;Girolando;04/04/2026;Lactotropin 500mg;1;;;;
414;414;01/01/2021;F;Girolando;16/04/2026;Lactotropin 500mg;1;;;;
414;414;01/01/2021;F;Girolando;03/05/2026;Lactotropin 500mg;1;;;;
414;414;01/01/2021;F;Girolando;15/05/2026;Lactotropin 500mg;1;;;;
414;414;01/01/2021;F;Girolando;21/05/2026;VACINA BOVIGEN LEPTO 8 150ML - 50 DOSES;3;;;lepto;
414;414;01/01/2021;F;Girolando;27/05/2026;Lactotropin 500mg;1;;;;
414;414;01/01/2021;F;Girolando;08/06/2026;Lactotropin 500mg;1;;;;
414;414;01/01/2021;F;Girolando;21/06/2026;Lactotropin 500mg;1;;;;
414;414;01/01/2021;F;Girolando;02/07/2026;Lactotropin 500mg;1;;;;
422;422-Dengosa;01/01/2018;F;Jersey;03/02/2026;Lactotropin 500mg;1;;;;
422;422-Dengosa;01/01/2018;F;Jersey;15/02/2026;Lactotropin 500mg;1;;;;
422;422-Dengosa;01/01/2018;F;Jersey;27/02/2026;Lactotropin 500mg;1;;;;
422;422-Dengosa;01/01/2018;F;Jersey;02/03/2026;ALTA SCRATCH E PCT/50 VERMELHO;0,5;;;;
422;422-Dengosa;01/01/2018;F;Jersey;11/03/2026;Lactotropin 500mg;1;;;;
422;422-Dengosa;01/01/2018;F;Jersey;23/03/2026;ALTA SCRATCH E PCT/50 VERMELHO;0,5;;;;
422;422-Dengosa;01/01/2018;F;Jersey;14/04/2026;ALTA SCRATCH E PCT/50 VERMELHO;0,5;;;;
422;422-Dengosa;01/01/2018;F;Jersey;21/05/2026;VACINA BOVIGEN LEPTO 8 150ML - 50 DOSES;3;;;lepto;
427;427-Princesa;01/07/2019;F;Girolando;03/02/2026;Lactotropin 500mg;1;;;;
427;427-Princesa;01/07/2019;F;Girolando;10/02/2026;ALTA SCRATCH E PCT/50 VERMELHO;0,5;;;;
427;427-Princesa;01/07/2019;F;Girolando;15/02/2026;Lactotropin 500mg;1;;;;
427;427-Princesa;01/07/2019;F;Girolando;27/02/2026;Lactotropin 500mg;1;;;;
427;427-Princesa;01/07/2019;F;Girolando;11/03/2026;Lactotropin 500mg;1;;;;
427;427-Princesa;01/07/2019;F;Girolando;23/03/2026;ALTA SCRATCH E PCT/50 VERMELHO;0,5;;;;
427;427-Princesa;01/07/2019;F;Girolando;23/03/2026;Lactotropin 500mg;1;;;;
427;427-Princesa;01/07/2019;F;Girolando;04/04/2026;Lactotropin 500mg;1;;;;
427;427-Princesa;01/07/2019;F;Girolando;04/04/2026;Lactotropin 500mg;1;;;;
427;427-Princesa;01/07/2019;F;Girolando;14/04/2026;ALTA SCRATCH E PCT/50 VERMELHO;0,5;;;;
427;427-Princesa;01/07/2019;F;Girolando;16/04/2026;Lactotropin 500mg;1;;;;
427;427-Princesa;01/07/2019;F;Girolando;03/05/2026;Lactotropin 500mg;1;;;;
427;427-Princesa;01/07/2019;F;Girolando;03/05/2026;Orbenin Extra Dry Cow (Seringa 3,6 g);4;;Secagem;Baixa produção;
427;427-Princesa;01/07/2019;F;Girolando;15/05/2026;Lactotropin 500mg;1;;;;
427;427-Princesa;01/07/2019;F;Girolando;21/05/2026;VACINA BOVIGEN LEPTO 8 150ML - 50 DOSES;3;;;lepto;
427;427-Princesa;01/07/2019;F;Girolando;27/05/2026;ALTA SCRATCH E PCT/50 VERMELHO;0,5;;;Detecção de cio;
427;427-Princesa;01/07/2019;F;Girolando;27/05/2026;Lactotropin 500mg;1;;;;
427;427-Princesa;01/07/2019;F;Girolando;08/06/2026;Lactotropin 500mg;1;;;;
427;427-Princesa;01/07/2019;F;Girolando;21/06/2026;Lactotropin 500mg;1;;;;
427;427-Princesa;01/07/2019;F;Girolando;02/07/2026;Lactotropin 500mg;1;;;;
428;428 (189);01/07/2023;F;Girolando;03/02/2026;Lactotropin 500mg;1;;;;
428;428 (189);01/07/2023;F;Girolando;15/02/2026;Lactotropin 500mg;1;;;;
428;428 (189);01/07/2023;F;Girolando;27/02/2026;Lactotropin 500mg;1;;;;
428;428 (189);01/07/2023;F;Girolando;11/03/2026;Lactotropin 500mg;1;;;;
428;428 (189);01/07/2023;F;Girolando;23/03/2026;Lactotropin 500mg;1;;;;
428;428 (189);01/07/2023;F;Girolando;04/04/2026;Lactotropin 500mg;1;;;;
428;428 (189);01/07/2023;F;Girolando;04/04/2026;Lactotropin 500mg;1;;;;
428;428 (189);01/07/2023;F;Girolando;16/04/2026;Lactotropin 500mg;1;;;;
428;428 (189);01/07/2023;F;Girolando;03/05/2026;Lactotropin 500mg;1;;;;
428;428 (189);01/07/2023;F;Girolando;15/05/2026;Lactotropin 500mg;1;;;;
428;428 (189);01/07/2023;F;Girolando;21/05/2026;VACINA BOVIGEN LEPTO 8 150ML - 50 DOSES;3;;;lepto;
428;428 (189);01/07/2023;F;Girolando;27/05/2026;Lactotropin 500mg;1;;;;
428;428 (189);01/07/2023;F;Girolando;08/06/2026;Lactotropin 500mg;1;;;;
428;428 (189);01/07/2023;F;Girolando;21/06/2026;Lactotropin 500mg;1;;;;
428;428 (189);01/07/2023;F;Girolando;02/07/2026;Lactotropin 500mg;1;;;;
429;429 (194);01/07/2023;F;Girolando;03/02/2026;Lactotropin 500mg;1;;;;
429;429 (194);01/07/2023;F;Girolando;15/02/2026;Lactotropin 500mg;1;;;;
429;429 (194);01/07/2023;F;Girolando;27/02/2026;Lactotropin 500mg;1;;;;
429;429 (194);01/07/2023;F;Girolando;11/03/2026;Lactotropin 500mg;1;;;;
429;429 (194);01/07/2023;F;Girolando;23/03/2026;Lactotropin 500mg;1;;;;
429;429 (194);01/07/2023;F;Girolando;04/04/2026;Lactotropin 500mg;1;;;;
429;429 (194);01/07/2023;F;Girolando;04/04/2026;Lactotropin 500mg;1;;;;
429;429 (194);01/07/2023;F;Girolando;16/04/2026;Lactotropin 500mg;1;;;;
429;429 (194);01/07/2023;F;Girolando;03/05/2026;Lactotropin 500mg;1;;;;
429;429 (194);01/07/2023;F;Girolando;15/05/2026;Lactotropin 500mg;1;;;;
429;429 (194);01/07/2023;F;Girolando;21/05/2026;VACINA BOVIGEN LEPTO 8 150ML - 50 DOSES;3;;;lepto;
429;429 (194);01/07/2023;F;Girolando;27/05/2026;Lactotropin 500mg;1;;;;
429;429 (194);01/07/2023;F;Girolando;08/06/2026;Lactotropin 500mg;1;;;;
429;429 (194);01/07/2023;F;Girolando;12/06/2026;BANAMINE 100ML;20;;;Intoxicação;
429;429 (194);01/07/2023;F;Girolando;12/06/2026;Mercepton (Frasco 100 ml);100;;;Intoxicação;
429;429 (194);01/07/2023;F;Girolando;21/06/2026;Lactotropin 500mg;1;;;;
429;429 (194);01/07/2023;F;Girolando;02/07/2026;Lactotropin 500mg;1;;;;
43;43;27/02/2025;F;Girolando;02/07/2026;IVERMECTINA O.F.MASTER L.P.4% 500ML;2;;;;
43;43;27/02/2025;F;Girolando;02/07/2026;VACINA RB 51 - FR 5 DS - 10ml;2;;;;
430;430 (195);01/07/2023;F;Girolando;03/02/2026;Lactotropin 500mg;1;;;;
430;430 (195);01/07/2023;F;Girolando;15/02/2026;Lactotropin 500mg;1;;;;
430;430 (195);01/07/2023;F;Girolando;27/02/2026;Lactotropin 500mg;1;;;;
430;430 (195);01/07/2023;F;Girolando;11/03/2026;Lactotropin 500mg;1;;;;
430;430 (195);01/07/2023;F;Girolando;23/03/2026;Lactotropin 500mg;1;;;;
430;430 (195);01/07/2023;F;Girolando;04/04/2026;Lactotropin 500mg;1;;;;
430;430 (195);01/07/2023;F;Girolando;04/04/2026;Lactotropin 500mg;1;;;;
430;430 (195);01/07/2023;F;Girolando;16/04/2026;Lactotropin 500mg;1;;;;
430;430 (195);01/07/2023;F;Girolando;03/05/2026;Lactotropin 500mg;1;;;;
430;430 (195);01/07/2023;F;Girolando;15/05/2026;Lactotropin 500mg;1;;;;
430;430 (195);01/07/2023;F;Girolando;21/05/2026;VACINA BOVIGEN LEPTO 8 150ML - 50 DOSES;3;;;lepto;
430;430 (195);01/07/2023;F;Girolando;27/05/2026;Lactotropin 500mg;1;;;;
430;430 (195);01/07/2023;F;Girolando;08/06/2026;Lactotropin 500mg;1;;;;
430;430 (195);01/07/2023;F;Girolando;21/06/2026;Lactotropin 500mg;1;;;;
430;430 (195);01/07/2023;F;Girolando;02/07/2026;Lactotropin 500mg;1;;;;
431;431 (117);13/02/2021;F;Holandês;03/02/2026;Lactotropin 500mg;1;;;;
431;431 (117);13/02/2021;F;Holandês;15/02/2026;Lactotropin 500mg;1;;;;
431;431 (117);13/02/2021;F;Holandês;27/02/2026;Lactotropin 500mg;1;;;;
431;431 (117);13/02/2021;F;Holandês;11/03/2026;Lactotropin 500mg;1;;;;
431;431 (117);13/02/2021;F;Holandês;12/03/2026;Borgal (Frasco 10 ml);40;;;D1;
431;431 (117);13/02/2021;F;Holandês;12/03/2026;Borgal (Frasco 10 ml);40;;;D3;
431;431 (117);13/02/2021;F;Holandês;12/03/2026;SPECTRAMAST LC;1;;;D1;
431;431 (117);13/02/2021;F;Holandês;12/03/2026;SPECTRAMAST LC;1;;;D2;
431;431 (117);13/02/2021;F;Holandês;12/03/2026;SPECTRAMAST LC;1;;;D3;
431;431 (117);13/02/2021;F;Holandês;12/03/2026;SPECTRAMAST LC;1;;;D4;
431;431 (117);13/02/2021;F;Holandês;12/03/2026;SPECTRAMAST LC;1;;;D4;
431;431 (117);13/02/2021;F;Holandês;12/03/2026;SPECTRAMAST LC;1;;;D5;
431;431 (117);13/02/2021;F;Holandês;12/03/2026;SPECTRAMAST LC;1;;;D5;
431;431 (117);13/02/2021;F;Holandês;23/03/2026;Lactotropin 500mg;1;;;;
431;431 (117);13/02/2021;F;Holandês;04/04/2026;Lactotropin 500mg;1;;;;
431;431 (117);13/02/2021;F;Holandês;04/04/2026;Lactotropin 500mg;1;;;;
431;431 (117);13/02/2021;F;Holandês;16/04/2026;Lactotropin 500mg;1;;;;
431;431 (117);13/02/2021;F;Holandês;03/05/2026;Lactotropin 500mg;1;;;;
431;431 (117);13/02/2021;F;Holandês;21/05/2026;VACINA BOVIGEN LEPTO 8 150ML - 50 DOSES;3;;;lepto;
431;431 (117);13/02/2021;F;Holandês;27/05/2026;Lactotropin 500mg;1;;;;
431;431 (117);13/02/2021;F;Holandês;27/05/2026;MASTI-SEAL 4G;4;;;Secagem;
431;431 (117);13/02/2021;F;Holandês;29/05/2026;BIOXAN FR. 500ML;1000;;;;
431;431 (117);13/02/2021;F;Holandês;29/05/2026;BORGAL FR. 50ML;40;;;;
431;431 (117);13/02/2021;F;Holandês;29/05/2026;Maxicam Injetável (2%) (Frasco 50 ml);20;;;;
431;431 (117);13/02/2021;F;Holandês;29/05/2026;TURBO CALCIO 500ML;1000;;;;
431;431 (117);13/02/2021;F;Holandês;08/06/2026;BIOXAN FR. 500ML;2000;;;Aborto;
431;431 (117);13/02/2021;F;Holandês;08/06/2026;BORGAL FR. 50ML;40;;;Aborto;
431;431 (117);13/02/2021;F;Holandês;08/06/2026;LUTALYSE FR. 30ML;5;;;Aborto;
431;431 (117);13/02/2021;F;Holandês;08/06/2026;Maxicam Injetável (2%) (Frasco 50 ml);20;;;Aborto;
431;431 (117);13/02/2021;F;Holandês;08/06/2026;TURBO CALCIO 500ML;500;;;Aborto;
432;432 (183);11/06/2023;F;Holandês;03/02/2026;Lactotropin 500mg;1;;;;
432;432 (183);11/06/2023;F;Holandês;15/02/2026;Lactotropin 500mg;1;;;;
432;432 (183);11/06/2023;F;Holandês;27/02/2026;Lactotropin 500mg;1;;;;
432;432 (183);11/06/2023;F;Holandês;11/03/2026;Lactotropin 500mg;1;;;;
432;432 (183);11/06/2023;F;Holandês;23/03/2026;Lactotropin 500mg;1;;;;
432;432 (183);11/06/2023;F;Holandês;04/04/2026;Lactotropin 500mg;1;;;;
432;432 (183);11/06/2023;F;Holandês;04/04/2026;Lactotropin 500mg;1;;;;
432;432 (183);11/06/2023;F;Holandês;16/04/2026;Lactotropin 500mg;1;;;;
432;432 (183);11/06/2023;F;Holandês;03/05/2026;Lactotropin 500mg;1;;;;
432;432 (183);11/06/2023;F;Holandês;15/05/2026;Lactotropin 500mg;1;;;;
432;432 (183);11/06/2023;F;Holandês;21/05/2026;VACINA BOVIGEN LEPTO 8 150ML - 50 DOSES;3;;;lepto;
432;432 (183);11/06/2023;F;Holandês;27/05/2026;Lactotropin 500mg;1;;;;
432;432 (183);11/06/2023;F;Holandês;08/06/2026;Lactotropin 500mg;1;;;;
432;432 (183);11/06/2023;F;Holandês;21/06/2026;Lactotropin 500mg;1;;;;
432;432 (183);11/06/2023;F;Holandês;29/06/2026;MASTI-SEAL 4G;4;;Secagem;;
432;432 (183);11/06/2023;F;Holandês;29/06/2026;Mastijet Vaca Seca;4;;Secagem;;
433;433 (160);04/04/2022;F;Holandês;03/02/2026;Lactotropin 500mg;1;;;;
433;433 (160);04/04/2022;F;Holandês;15/02/2026;Lactotropin 500mg;1;;;;
433;433 (160);04/04/2022;F;Holandês;27/02/2026;Lactotropin 500mg;1;;;;
433;433 (160);04/04/2022;F;Holandês;11/03/2026;Lactotropin 500mg;1;;;;
433;433 (160);04/04/2022;F;Holandês;23/03/2026;Lactotropin 500mg;1;;;;
433;433 (160);04/04/2022;F;Holandês;04/04/2026;Lactotropin 500mg;1;;;;
433;433 (160);04/04/2022;F;Holandês;04/04/2026;Lactotropin 500mg;1;;;;
433;433 (160);04/04/2022;F;Holandês;16/04/2026;Lactotropin 500mg;1;;;;
433;433 (160);04/04/2022;F;Holandês;03/05/2026;Lactotropin 500mg;1;;;;
433;433 (160);04/04/2022;F;Holandês;15/05/2026;Lactotropin 500mg;1;;;;
433;433 (160);04/04/2022;F;Holandês;21/05/2026;VACINA BOVIGEN LEPTO 8 150ML - 50 DOSES;3;;;lepto;
433;433 (160);04/04/2022;F;Holandês;27/05/2026;Lactotropin 500mg;1;;;;
433;433 (160);04/04/2022;F;Holandês;08/06/2026;Lactotropin 500mg;1;;;;
433;433 (160);04/04/2022;F;Holandês;29/06/2026;MASTI-SEAL 4G;4;;Secagem;;
433;433 (160);04/04/2022;F;Holandês;29/06/2026;Mastijet Vaca Seca;4;;Secagem;;
434;434 (173);31/01/2023;F;Holandês;15/02/2026;Lactotropin 500mg;1;;;;
434;434 (173);31/01/2023;F;Holandês;26/02/2026;Terramicina LA Solução Injetável (Frasco 50 ml);50;;;Ver quem aplicou (abortou e visita da Alpha/Abs no mesmo dia);
434;434 (173);31/01/2023;F;Holandês;27/02/2026;Lactotropin 500mg;1;;;;
434;434 (173);31/01/2023;F;Holandês;11/03/2026;Lactotropin 500mg;1;;;;
434;434 (173);31/01/2023;F;Holandês;20/03/2026;CEF 50MG/ML SUS. INJ. 100 ML;15;;;Abortou em 26/02/2026;
434;434 (173);31/01/2023;F;Holandês;20/03/2026;Estron 60ml;2;;;Abortou em 26/02/2026;
434;434 (173);31/01/2023;F;Holandês;10/04/2026;CEF 50MG/ML SUS. INJ. 100 ML;15;;;PGF e CEF 50;
434;434 (173);31/01/2023;F;Holandês;10/04/2026;Estron 60ml;2;;;PGF e CEF 50;
434;434 (173);31/01/2023;F;Holandês;03/05/2026;Lactotropin 500mg;1;;;;
434;434 (173);31/01/2023;F;Holandês;15/05/2026;Lactotropin 500mg;1;;;;
434;434 (173);31/01/2023;F;Holandês;21/05/2026;VACINA BOVIGEN LEPTO 8 150ML - 50 DOSES;3;;;lepto;
434;434 (173);31/01/2023;F;Holandês;08/06/2026;Lactotropin 500mg;1;;;;
434;434 (173);31/01/2023;F;Holandês;21/06/2026;Lactotropin 500mg;1;;;;
434;434 (173);31/01/2023;F;Holandês;02/07/2026;Lactotropin 500mg;1;;;;
434;434 (173);31/01/2023;F;Holandês;03/07/2026;ALTA SCRATCH E PCT/50 VERMELHO;0,5;;;;
435;435 (181);29/04/2023;F;Holandês;03/02/2026;Lactotropin 500mg;1;;;;
435;435 (181);29/04/2023;F;Holandês;15/02/2026;Lactotropin 500mg;1;;;;
435;435 (181);29/04/2023;F;Holandês;27/02/2026;Lactotropin 500mg;1;;;;
435;435 (181);29/04/2023;F;Holandês;11/03/2026;Lactotropin 500mg;1;;;;
435;435 (181);29/04/2023;F;Holandês;23/03/2026;Lactotropin 500mg;1;;;;
435;435 (181);29/04/2023;F;Holandês;04/04/2026;Lactotropin 500mg;1;;;;
435;435 (181);29/04/2023;F;Holandês;04/04/2026;Lactotropin 500mg;1;;;;
435;435 (181);29/04/2023;F;Holandês;16/04/2026;Lactotropin 500mg;1;;;;
435;435 (181);29/04/2023;F;Holandês;03/05/2026;Lactotropin 500mg;1;;;;
435;435 (181);29/04/2023;F;Holandês;15/05/2026;Lactotropin 500mg;1;;;;
435;435 (181);29/04/2023;F;Holandês;21/05/2026;VACINA BOVIGEN LEPTO 8 150ML - 50 DOSES;3;;;lepto;
435;435 (181);29/04/2023;F;Holandês;27/05/2026;Lactotropin 500mg;1;;;;
435;435 (181);29/04/2023;F;Holandês;08/06/2026;Lactotropin 500mg;1;;;;
435;435 (181);29/04/2023;F;Holandês;21/06/2026;Lactotropin 500mg;1;;;;
435;435 (181);29/04/2023;F;Holandês;02/07/2026;Lactotropin 500mg;1;;;;
436;436 (194);06/05/2023;F;Holandês;03/02/2026;Lactotropin 500mg;1;;;;
436;436 (194);06/05/2023;F;Holandês;10/02/2026;ALTA SCRATCH E PCT/50 VERMELHO;0,5;;;;
436;436 (194);06/05/2023;F;Holandês;15/02/2026;Lactotropin 500mg;1;;;;
436;436 (194);06/05/2023;F;Holandês;27/02/2026;Lactotropin 500mg;1;;;;
436;436 (194);06/05/2023;F;Holandês;02/03/2026;ALTA SCRATCH E PCT/50 VERMELHO;0,5;;;;
436;436 (194);06/05/2023;F;Holandês;11/03/2026;Lactotropin 500mg;1;;;;
436;436 (194);06/05/2023;F;Holandês;23/03/2026;Lactotropin 500mg;1;;;;
436;436 (194);06/05/2023;F;Holandês;04/04/2026;Lactotropin 500mg;1;;;;
436;436 (194);06/05/2023;F;Holandês;04/04/2026;Lactotropin 500mg;1;;;;
436;436 (194);06/05/2023;F;Holandês;16/04/2026;Lactotropin 500mg;1;;;;
436;436 (194);06/05/2023;F;Holandês;03/05/2026;Lactotropin 500mg;1;;;;
436;436 (194);06/05/2023;F;Holandês;15/05/2026;Lactotropin 500mg;1;;;;
436;436 (194);06/05/2023;F;Holandês;21/05/2026;VACINA BOVIGEN LEPTO 8 150ML - 50 DOSES;3;;;lepto;
436;436 (194);06/05/2023;F;Holandês;27/05/2026;Lactotropin 500mg;1;;;;
436;436 (194);06/05/2023;F;Holandês;08/06/2026;Lactotropin 500mg;1;;;;
436;436 (194);06/05/2023;F;Holandês;21/06/2026;Lactotropin 500mg;1;;;;
436;436 (194);06/05/2023;F;Holandês;02/07/2026;Lactotropin 500mg;1;;;;
437;437 (149);31/07/2022;F;Holandês;03/02/2026;Lactotropin 500mg;1;;;;
437;437 (149);31/07/2022;F;Holandês;15/02/2026;Lactotropin 500mg;1;;;;
437;437 (149);31/07/2022;F;Holandês;27/02/2026;Lactotropin 500mg;1;;;;
437;437 (149);31/07/2022;F;Holandês;11/03/2026;Lactotropin 500mg;1;;;;
437;437 (149);31/07/2022;F;Holandês;21/05/2026;VACINA BOVIGEN LEPTO 8 150ML - 50 DOSES;3;;;lepto;
455;455;04/09/2023;F;Girolando;18/03/2026;Dectomax (Frasco 500 ml);5;;;Conjuntivite;
455;455;04/09/2023;F;Girolando;18/03/2026;FOSFOSAL 100 ML;10;;;Conjuntivite;
455;455;04/09/2023;F;Girolando;18/03/2026;VACINA MORAK - 5 BR 30 DS;1;;;Conjuntivite;
455;455;04/09/2023;F;Girolando;18/03/2026;VACINA RB 51 - FR 25 DS;2;;;Vacina Brucelose;
455;455;04/09/2023;F;Girolando;08/04/2026;VACINA MORAK - 5 BR 30 DS;1;;;;
455;455;04/09/2023;F;Girolando;02/07/2026;IVERMECTINA O.F.MASTER L.P.4% 500ML;2;;;;
459;459-Esmeralda;07/02/2024;F;5/8 HO, GL;18/03/2026;Dectomax (Frasco 500 ml);5;;;Conjuntivite;
459;459-Esmeralda;07/02/2024;F;5/8 HO, GL;18/03/2026;FOSFOSAL 100 ML;10;;;Conjuntivite;
459;459-Esmeralda;07/02/2024;F;5/8 HO, GL;18/03/2026;VACINA MORAK - 5 BR 30 DS;1;;;Conjuntivite;
459;459-Esmeralda;07/02/2024;F;5/8 HO, GL;18/03/2026;VACINA RB 51 - FR 25 DS;2;;;Vacina Brucelose;
459;459-Esmeralda;07/02/2024;F;5/8 HO, GL;08/04/2026;VACINA MORAK - 5 BR 30 DS;1;;;;
459;459-Esmeralda;07/02/2024;F;5/8 HO, GL;02/07/2026;IVERMECTINA O.F.MASTER L.P.4% 500ML;2;;;;
460;460;13/02/2024;F;Girolando;18/03/2026;Dectomax (Frasco 500 ml);5;;;Conjuntivite;
460;460;13/02/2024;F;Girolando;18/03/2026;FOSFOSAL 100 ML;10;;;Conjuntivite;
460;460;13/02/2024;F;Girolando;18/03/2026;VACINA MORAK - 5 BR 30 DS;1;;;Conjuntivite;
460;460;13/02/2024;F;Girolando;18/03/2026;VACINA RB 51 - FR 25 DS;2;;;Vacina Brucelose;
460;460;13/02/2024;F;Girolando;08/04/2026;VACINA MORAK - 5 BR 30 DS;1;;;;
460;460;13/02/2024;F;Girolando;02/07/2026;IVERMECTINA O.F.MASTER L.P.4% 500ML;2;;;;
460;460;13/02/2024;F;Girolando;02/07/2026;VACINA RB 51 - FR 5 DS - 10ml;2;;;;
461;461;26/04/2024;F;Girolando;18/03/2026;Dectomax (Frasco 500 ml);5;;;Conjuntivite;
461;461;26/04/2024;F;Girolando;18/03/2026;FOSFOSAL 100 ML;10;;;Conjuntivite;
461;461;26/04/2024;F;Girolando;18/03/2026;VACINA MORAK - 5 BR 30 DS;1;;;Conjuntivite;
461;461;26/04/2024;F;Girolando;18/03/2026;VACINA RB 51 - FR 25 DS;2;;;Vacina Brucelose;
461;461;26/04/2024;F;Girolando;08/04/2026;VACINA MORAK - 5 BR 30 DS;1;;;;
461;461;26/04/2024;F;Girolando;02/07/2026;IVERMECTINA O.F.MASTER L.P.4% 500ML;2;;;;
463;463;01/08/2024;F;Holandês;18/03/2026;Dectomax (Frasco 500 ml);5;;;Conjuntivite;
463;463;01/08/2024;F;Holandês;18/03/2026;FOSFOSAL 100 ML;10;;;Conjuntivite;
463;463;01/08/2024;F;Holandês;18/03/2026;VACINA MORAK - 5 BR 30 DS;1;;;Conjuntivite;
463;463;01/08/2024;F;Holandês;18/03/2026;VACINA RB 51 - FR 25 DS;2;;;Vacina Brucelose;
463;463;01/08/2024;F;Holandês;08/04/2026;VACINA MORAK - 5 BR 30 DS;1;;;;
463;463;01/08/2024;F;Holandês;02/07/2026;IVERMECTINA O.F.MASTER L.P.4% 500ML;2;;;;
463;463;01/08/2024;F;Holandês;02/07/2026;VACINA RB 51 - FR 5 DS - 10ml;2;;;;
464;464;23/08/2024;F;Holandês;18/03/2026;Dectomax (Frasco 500 ml);5;;;Conjuntivite;
464;464;23/08/2024;F;Holandês;18/03/2026;FOSFOSAL 100 ML;10;;;Conjuntivite;
464;464;23/08/2024;F;Holandês;18/03/2026;VACINA MORAK - 5 BR 30 DS;1;;;Conjuntivite;
464;464;23/08/2024;F;Holandês;18/03/2026;VACINA RB 51 - FR 25 DS;2;;;Vacina Brucelose;
464;464;23/08/2024;F;Holandês;08/04/2026;VACINA MORAK - 5 BR 30 DS;1;;;;
464;464;23/08/2024;F;Holandês;02/07/2026;IVERMECTINA O.F.MASTER L.P.4% 500ML;2;;;;
464;464;23/08/2024;F;Holandês;02/07/2026;VACINA RB 51 - FR 5 DS - 10ml;2;;;;
467;467;10/12/2024;F;Holandês;18/03/2026;Dectomax (Frasco 500 ml);5;;;Conjuntivite;
467;467;10/12/2024;F;Holandês;18/03/2026;FOSFOSAL 100 ML;10;;;Conjuntivite;
467;467;10/12/2024;F;Holandês;18/03/2026;VACINA MORAK - 5 BR 30 DS;1;;;Conjuntivite;
467;467;10/12/2024;F;Holandês;18/03/2026;VACINA RB 51 - FR 25 DS;2;;;Vacina Brucelose;
467;467;10/12/2024;F;Holandês;08/04/2026;VACINA MORAK - 5 BR 30 DS;1;;;;
467;467;10/12/2024;F;Holandês;02/07/2026;IVERMECTINA O.F.MASTER L.P.4% 500ML;2;;;;
467;467;10/12/2024;F;Holandês;02/07/2026;VACINA RB 51 - FR 5 DS - 10ml;2;;;;
470;470;01/10/2025;F;Holandês;24/02/2026;Máximo Pour-on 5L;10;;;Carrapato;
470;470;01/10/2025;F;Holandês;11/03/2026;ALBENDATHOR 10 % LT;5;;;;
470;470;01/10/2025;F;Holandês;18/03/2026;VACINA ANAVAC B19FR. 30ML;2;;;Brucelose;
470;470;01/10/2025;F;Holandês;18/03/2026;VACINA MORAK - 5 BR 30 DS;1;;;Conjuntivite;
470;470;01/10/2025;F;Holandês;08/04/2026;VACINA MORAK - 5 BR 30 DS;1;;;;
470;470;01/10/2025;F;Holandês;02/07/2026;IVERMECTINA O.F.MASTER L.P.4% 500ML;2;;;;
475;475;31/12/2025;F;1/2 HO, GO;13/02/2026;Borgal (Frasco 10 ml);10;;;Diarréia;
475;475;31/12/2025;F;1/2 HO, GO;13/02/2026;HALOCUR 490 ML;7;;;;
475;475;31/12/2025;F;1/2 HO, GO;14/02/2026;Borgal (Frasco 10 ml);10;;;;
475;475;31/12/2025;F;1/2 HO, GO;14/02/2026;HALOCUR 490 ML;7;;;;
475;475;31/12/2025;F;1/2 HO, GO;21/02/2026;Catosal B12 (Frasco 100 ml);10;;;;
475;475;31/12/2025;F;1/2 HO, GO;21/02/2026;Terramicina LA Solução Injetável (Frasco 50 ml);10;;;;
475;475;31/12/2025;F;1/2 HO, GO;24/02/2026;Máximo Pour-on 5L;8;;;;
475;475;31/12/2025;F;1/2 HO, GO;11/03/2026;ALBENDATHOR 10 % LT;4;;;;
475;475;31/12/2025;F;1/2 HO, GO;18/03/2026;VACINA MORAK - 5 BR 30 DS;1;;;Conjuntivite;
475;475;31/12/2025;F;1/2 HO, GO;08/04/2026;VACINA MORAK - 5 BR 30 DS;1;;;;
475;475;31/12/2025;F;1/2 HO, GO;02/07/2026;IVERMECTINA O.F.MASTER L.P.4% 500ML;2;;;;
475;475;31/12/2025;F;1/2 HO, GO;02/07/2026;VACINA ANAVAC B19FR. 30ML;2;;;;
476;476;06/01/2026;F;Girolando;24/02/2026;Máximo Pour-on 5L;10;;;;
476;476;06/01/2026;F;Girolando;11/03/2026;ALBENDATHOR 10 % LT;4,5;;;;
476;476;06/01/2026;F;Girolando;18/03/2026;VACINA MORAK - 5 BR 30 DS;1;;;Conjuntivite;
476;476;06/01/2026;F;Girolando;08/04/2026;VACINA MORAK - 5 BR 30 DS;1;;;;
476;476;06/01/2026;F;Girolando;02/07/2026;IVERMECTINA O.F.MASTER L.P.4% 500ML;2;;;;
476;476;06/01/2026;F;Girolando;02/07/2026;VACINA ANAVAC B19FR. 30ML;2;;;;
477;477;18/01/2026;F;Girolando;27/02/2026;Maxicam Injetável (2%) (Frasco 50 ml);2,5;;;Carrapato;
477;477;18/01/2026;F;Girolando;11/03/2026;ALBENDATHOR 10 % LT;4,5;;;;
477;477;18/01/2026;F;Girolando;18/03/2026;VACINA MORAK - 5 BR 30 DS;1;;;Conjuntivite;
477;477;18/01/2026;F;Girolando;08/04/2026;VACINA MORAK - 5 BR 30 DS;1;;;;
477;477;18/01/2026;F;Girolando;02/07/2026;IVERMECTINA O.F.MASTER L.P.4% 500ML;2;;;;
477;477;18/01/2026;F;Girolando;02/07/2026;VACINA ANAVAC B19FR. 30ML;2;;;;
477;477;18/01/2026;F;Girolando;24/02/2032;Máximo Pour-on 5L;8;;;Carrapato;
478;478;30/01/2026;F;Girolando;09/02/2026;Borgal (Frasco 10 ml);10;;;Diarréia;
478;478;30/01/2026;F;Girolando;09/02/2026;Borgal (Frasco 10 ml);3;;;Diarréia;
478;478;30/01/2026;F;Girolando;12/02/2026;Borgal (Frasco 10 ml);10;;;Diarréia;
478;478;30/01/2026;F;Girolando;12/02/2026;Borgal (Frasco 10 ml);3;;;Diarréia;
478;478;30/01/2026;F;Girolando;13/02/2026;Borgal (Frasco 10 ml);10;;;Diarréia;
478;478;30/01/2026;F;Girolando;13/02/2026;HALOCUR 490 ML;10;;;Diarréia;
478;478;30/01/2026;F;Girolando;14/02/2026;HALOCUR 490 ML;7;;;Diarréia;
478;478;30/01/2026;F;Girolando;24/02/2026;BANAMINE 50ML;2,4;;;Carrapato;
478;478;30/01/2026;F;Girolando;24/02/2026;Máximo Pour-on 5L;8;;;Carrapato;
478;478;30/01/2026;F;Girolando;24/02/2026;PENCIVET PLUS PPU 50ML;3,5;;;Carrapato;
478;478;30/01/2026;F;Girolando;11/03/2026;ALBENDATHOR 10 % LT;4;;;;
478;478;30/01/2026;F;Girolando;02/07/2026;IVERMECTINA O.F.MASTER L.P.4% 500ML;2;;;;
478;478;30/01/2026;F;Girolando;02/07/2026;VACINA ANAVAC B19FR. 30ML;2;;;;
479;479;02/03/2026;F;Girolando;03/03/2026;HALOCUR 490 ML;7;;;;
479;479;02/03/2026;F;Girolando;03/03/2026;ZUPREVO 50ML;1;;;;
479;479;02/03/2026;F;Girolando;02/07/2026;IVERMECTINA O.F.MASTER L.P.4% 500ML;2;;;;
479;479;02/03/2026;F;Girolando;02/07/2026;VACINA ANAVAC B19FR. 30ML;2;;;;
480;480;11/03/2026;F;Girolando;11/03/2026;ZUPREVO 50ML;1;;;Nascimento;
480;480;11/03/2026;F;Girolando;02/07/2026;IVERMECTINA O.F.MASTER L.P.4% 500ML;2;;;;
480;480;11/03/2026;F;Girolando;02/07/2026;VACINA ANAVAC B19FR. 30ML;2;;;;
481;481;24/03/2026;F;Girolando;24/03/2026;ZUPREVO 50ML;11;;;Protocolo de nascimento;
481;481;24/03/2026;F;Girolando;02/07/2026;IVERMECTINA O.F.MASTER L.P.4% 500ML;2;;;;
481;481;24/03/2026;F;Girolando;02/07/2026;VACINA ANAVAC B19FR. 30ML;2;;;;
482;482;27/04/2026;F;Girolando;02/07/2026;IVERMECTINA O.F.MASTER L.P.4% 500ML;2;;;;
483;483;23/05/2026;F;Girolando;12/06/2026;BANAMINE 100ML;4;;;Infecção no umbigo;
483;483;23/05/2026;F;Girolando;12/06/2026;BORGAL FR. 50ML;6;;;Infecção no umbigo;
483;483;23/05/2026;F;Girolando;12/06/2026;Catosal B12 (Frasco 100 ml);6;;;Infecção no umbigo;
483;483;23/05/2026;F;Girolando;20/06/2026;BORGAL FR. 50ML;6;;;Infecção no umbigo;
483;483;23/05/2026;F;Girolando;20/06/2026;Maxicam Injetável (2%) (Frasco 50 ml);3;;;Infecção no umbigo;
483;483;23/05/2026;F;Girolando;02/07/2026;IVERMECTINA O.F.MASTER L.P.4% 500ML;2;;;;
484;484;19/06/2026;F;Girolando;02/07/2026;IVERMECTINA O.F.MASTER L.P.4% 500ML;2;;;;
485;485;22/06/2026;F;Girolando;02/07/2026;IVERMECTINA O.F.MASTER L.P.4% 500ML;2;;;;
559;559;01/08/2024;F;Girolando;02/07/2026;IVERMECTINA O.F.MASTER L.P.4% 500ML;2;;;;
603;603;23/10/2020;F;Holandês;03/02/2026;Lactotropin 500mg;1;;;;
603;603;23/10/2020;F;Holandês;15/02/2026;Lactotropin 500mg;1;;;;
603;603;23/10/2020;F;Holandês;27/02/2026;Lactotropin 500mg;1;;;;
603;603;23/10/2020;F;Holandês;02/03/2026;ALTA SCRATCH E PCT/50 VERMELHO;0,5;;;;
603;603;23/10/2020;F;Holandês;11/03/2026;Lactotropin 500mg;1;;;;
603;603;23/10/2020;F;Holandês;23/03/2026;Lactotropin 500mg;1;;;;
603;603;23/10/2020;F;Holandês;04/04/2026;Lactotropin 500mg;1;;;;
603;603;23/10/2020;F;Holandês;04/04/2026;Lactotropin 500mg;1;;;;
603;603;23/10/2020;F;Holandês;14/04/2026;ALTA SCRATCH E PCT/50 VERMELHO;0,5;;;;
603;603;23/10/2020;F;Holandês;16/04/2026;Lactotropin 500mg;1;;;;
603;603;23/10/2020;F;Holandês;03/05/2026;Lactotropin 500mg;1;;;;
603;603;23/10/2020;F;Holandês;15/05/2026;Lactotropin 500mg;1;;;;
603;603;23/10/2020;F;Holandês;21/05/2026;VACINA BOVIGEN LEPTO 8 150ML - 50 DOSES;3;;;lepto;
603;603;23/10/2020;F;Holandês;27/05/2026;Lactotropin 500mg;1;;;;
603;603;23/10/2020;F;Holandês;08/06/2026;Lactotropin 500mg;1;;;;
603;603;23/10/2020;F;Holandês;21/06/2026;Lactotropin 500mg;1;;;;
603;603;23/10/2020;F;Holandês;02/07/2026;Lactotropin 500mg;1;;;;
7508;7508;01/08/2024;F;Girolando;02/07/2026;IVERMECTINA O.F.MASTER L.P.4% 500ML;2;;;;
7518;7518;01/08/2024;F;Girolando;02/07/2026;IVERMECTINA O.F.MASTER L.P.4% 500ML;2;;;;
7520;7520;01/08/2024;F;Girolando;02/07/2026;IVERMECTINA O.F.MASTER L.P.4% 500ML;2;;;;
7541;7541;01/08/2024;F;Girolando;02/07/2026;IVERMECTINA O.F.MASTER L.P.4% 500ML;2;;;;
7542;7542;01/08/2024;F;Girolando;02/07/2026;IVERMECTINA O.F.MASTER L.P.4% 500ML;2;;;;
7656;7656;01/08/2024;F;Girolando;02/07/2026;IVERMECTINA O.F.MASTER L.P.4% 500ML;2;;;;
8013;8013;01/08/2024;F;Girolando;02/07/2026;IVERMECTINA O.F.MASTER L.P.4% 500ML;2;;;;
861;861;28/02/2024;F;Girolando;21/05/2026;VACINA BOVIGEN LEPTO 8 150ML - 50 DOSES;3;;;lepto;
861;861;28/02/2024;F;Girolando;02/07/2026;Lactotropin 500mg;1;;;;
8907;8907;01/08/2024;F;Girolando;02/07/2026;IVERMECTINA O.F.MASTER L.P.4% 500ML;2;;;;
8919;8919;01/08/2024;F;Girolando;02/07/2026;IVERMECTINA O.F.MASTER L.P.4% 500ML;2;;;;
9251;9251;01/08/2024;F;Girolando;02/07/2026;IVERMECTINA O.F.MASTER L.P.4% 500ML;2;;;;
9320;9320;01/08/2024;F;Girolando;02/07/2026;IVERMECTINA O.F.MASTER L.P.4% 500ML;2;;;;
9321;9321;01/08/2024;F;Girolando;02/07/2026;IVERMECTINA O.F.MASTER L.P.4% 500ML;2;;;;
9322;9322;01/08/2024;F;Girolando;02/07/2026;IVERMECTINA O.F.MASTER L.P.4% 500ML;2;;;;
9370;9370;01/08/2024;F;Girolando;02/07/2026;IVERMECTINA O.F.MASTER L.P.4% 500ML;2;;;;
9372;9372;01/08/2024;F;Girolando;02/07/2026;IVERMECTINA O.F.MASTER L.P.4% 500ML;2;;;;
9373;9373;01/08/2024;F;Girolando;02/07/2026;IVERMECTINA O.F.MASTER L.P.4% 500ML;2;;;;
